id	project	revision	path	upload_name	domain
V001	vortex	d76b7f24e658867ab57e3942d7c648c3e6af072d	README.md	V001__vortex__README.md	project-overview
V002	vortex	d76b7f24e658867ab57e3942d7c648c3e6af072d	docs/bug_fixes.md	V002__vortex__docs__bug_fixes.md	debug
V003	vortex	d76b7f24e658867ab57e3942d7c648c3e6af072d	docs/building_toolchain.md	V003__vortex__docs__building_toolchain.md	toolchain
V004	vortex	d76b7f24e658867ab57e3942d7c648c3e6af072d	docs/codebase.md	V004__vortex__docs__codebase.md	architecture
V005	vortex	d76b7f24e658867ab57e3942d7c648c3e6af072d	docs/continuous_integration.md	V005__vortex__docs__continuous_integration.md	verification
V006	vortex	d76b7f24e658867ab57e3942d7c648c3e6af072d	docs/debugging.md	V006__vortex__docs__debugging.md	debug
V007	vortex	d76b7f24e658867ab57e3942d7c648c3e6af072d	docs/designs/atomic_memory_operations.md	V007__vortex__docs__designs__atomic_memory_operations.md	memory
V008	vortex	d76b7f24e658867ab57e3942d7c648c3e6af072d	docs/designs/cache_flush_architecture.md	V008__vortex__docs__designs__cache_flush_architecture.md	cache
V009	vortex	d76b7f24e658867ab57e3942d7c648c3e6af072d	docs/designs/cache_subsystem.md	V009__vortex__docs__designs__cache_subsystem.md	cache
V010	vortex	d76b7f24e658867ab57e3942d7c648c3e6af072d	docs/designs/command_processor.md	V010__vortex__docs__designs__command_processor.md	command-processor
V011	vortex	d76b7f24e658867ab57e3942d7c648c3e6af072d	docs/designs/compressed_instruction_support.md	V011__vortex__docs__designs__compressed_instruction_support.md	isa
V012	vortex	d76b7f24e658867ab57e3942d7c648c3e6af072d	docs/designs/cta_clustering_and_dispatch.md	V012__vortex__docs__designs__cta_clustering_and_dispatch.md	dispatch
V013	vortex	d76b7f24e658867ab57e3942d7c648c3e6af072d	docs/designs/custom_accelerator_isa_extensions.md	V013__vortex__docs__designs__custom_accelerator_isa_extensions.md	isa
V014	vortex	d76b7f24e658867ab57e3942d7c648c3e6af072d	docs/designs/dxa_async_copy_multicast.md	V014__vortex__docs__designs__dxa_async_copy_multicast.md	memory
V015	vortex	d76b7f24e658867ab57e3942d7c648c3e6af072d	docs/designs/floating_point_unit.md	V015__vortex__docs__designs__floating_point_unit.md	compute
V016	vortex	d76b7f24e658867ab57e3942d7c648c3e6af072d	docs/designs/graphics_hardware_stack.md	V016__vortex__docs__designs__graphics_hardware_stack.md	graphics
V017	vortex	d76b7f24e658867ab57e3942d7c648c3e6af072d	docs/designs/graphics_software_stack.md	V017__vortex__docs__designs__graphics_software_stack.md	graphics
V018	vortex	d76b7f24e658867ab57e3942d7c648c3e6af072d	docs/designs/kernel_entry_and_dispatch.md	V018__vortex__docs__designs__kernel_entry_and_dispatch.md	runtime
V019	vortex	d76b7f24e658867ab57e3942d7c648c3e6af072d	docs/designs/lsu_pipeline_design.md	V019__vortex__docs__designs__lsu_pipeline_design.md	memory
V020	vortex	d76b7f24e658867ab57e3942d7c648c3e6af072d	docs/designs/memory_fabric_attributes.md	V020__vortex__docs__designs__memory_fabric_attributes.md	memory
V021	vortex	d76b7f24e658867ab57e3942d7c648c3e6af072d	docs/designs/microarchitecture.md	V021__vortex__docs__designs__microarchitecture.md	architecture
V022	vortex	d76b7f24e658867ab57e3942d7c648c3e6af072d	docs/designs/multicache_amo_coherence.md	V022__vortex__docs__designs__multicache_amo_coherence.md	cache
V023	vortex	d76b7f24e658867ab57e3942d7c648c3e6af072d	docs/designs/trap_and_exception_foundation.md	V023__vortex__docs__designs__trap_and_exception_foundation.md	interrupt
V024	vortex	d76b7f24e658867ab57e3942d7c648c3e6af072d	docs/designs/virtual_memory_subsystem.md	V024__vortex__docs__designs__virtual_memory_subsystem.md	memory
V025	vortex	d76b7f24e658867ab57e3942d7c648c3e6af072d	docs/designs/vortex_runtime_api.md	V025__vortex__docs__designs__vortex_runtime_api.md	runtime
V026	vortex	d76b7f24e658867ab57e3942d7c648c3e6af072d	hw/rtl/VX_cluster.sv	V026__vortex__hw__rtl__VX_cluster.sv	rtl
V027	vortex	d76b7f24e658867ab57e3942d7c648c3e6af072d	hw/rtl/VX_define.vh	V027__vortex__hw__rtl__VX_define.vh	rtl
V028	vortex	d76b7f24e658867ab57e3942d7c648c3e6af072d	hw/rtl/VX_gpu_pkg.sv	V028__vortex__hw__rtl__VX_gpu_pkg.sv	rtl
V029	vortex	d76b7f24e658867ab57e3942d7c648c3e6af072d	hw/rtl/VX_socket.sv	V029__vortex__hw__rtl__VX_socket.sv	rtl
V030	vortex	d76b7f24e658867ab57e3942d7c648c3e6af072d	hw/rtl/Vortex.sv	V030__vortex__hw__rtl__Vortex.sv	rtl
V031	vortex	d76b7f24e658867ab57e3942d7c648c3e6af072d	hw/rtl/Vortex_axi.sv	V031__vortex__hw__rtl__Vortex_axi.sv	rtl
V032	vortex	d76b7f24e658867ab57e3942d7c648c3e6af072d	hw/rtl/cache/VX_cache.sv	V032__vortex__hw__rtl__cache__VX_cache.sv	rtl-cache
V033	vortex	d76b7f24e658867ab57e3942d7c648c3e6af072d	hw/rtl/cache/VX_cache_amo.sv	V033__vortex__hw__rtl__cache__VX_cache_amo.sv	rtl-cache
V034	vortex	d76b7f24e658867ab57e3942d7c648c3e6af072d	hw/rtl/cache/VX_cache_flush.sv	V034__vortex__hw__rtl__cache__VX_cache_flush.sv	rtl-cache
V035	vortex	d76b7f24e658867ab57e3942d7c648c3e6af072d	hw/rtl/core/VX_alu_unit.sv	V035__vortex__hw__rtl__core__VX_alu_unit.sv	rtl-core
V036	vortex	d76b7f24e658867ab57e3942d7c648c3e6af072d	hw/rtl/core/VX_bar_unit.sv	V036__vortex__hw__rtl__core__VX_bar_unit.sv	rtl-core
V037	vortex	d76b7f24e658867ab57e3942d7c648c3e6af072d	hw/rtl/core/VX_commit.sv	V037__vortex__hw__rtl__core__VX_commit.sv	rtl-core
V038	vortex	d76b7f24e658867ab57e3942d7c648c3e6af072d	hw/rtl/core/VX_core.sv	V038__vortex__hw__rtl__core__VX_core.sv	rtl-core
V039	vortex	d76b7f24e658867ab57e3942d7c648c3e6af072d	hw/rtl/core/VX_csr_data.sv	V039__vortex__hw__rtl__core__VX_csr_data.sv	rtl-core
V040	vortex	d76b7f24e658867ab57e3942d7c648c3e6af072d	hw/rtl/core/VX_cta_dispatch.sv	V040__vortex__hw__rtl__core__VX_cta_dispatch.sv	rtl-core
V041	vortex	d76b7f24e658867ab57e3942d7c648c3e6af072d	hw/rtl/core/VX_decode.sv	V041__vortex__hw__rtl__core__VX_decode.sv	rtl-core
V042	vortex	d76b7f24e658867ab57e3942d7c648c3e6af072d	hw/rtl/core/VX_execute.sv	V042__vortex__hw__rtl__core__VX_execute.sv	rtl-core
V043	vortex	d76b7f24e658867ab57e3942d7c648c3e6af072d	hw/rtl/core/VX_fetch.sv	V043__vortex__hw__rtl__core__VX_fetch.sv	rtl-core
V044	vortex	d76b7f24e658867ab57e3942d7c648c3e6af072d	hw/rtl/core/VX_lsu_unit.sv	V044__vortex__hw__rtl__core__VX_lsu_unit.sv	rtl-core
V045	vortex	d76b7f24e658867ab57e3942d7c648c3e6af072d	hw/rtl/core/VX_scheduler.sv	V045__vortex__hw__rtl__core__VX_scheduler.sv	rtl-core
V046	vortex	d76b7f24e658867ab57e3942d7c648c3e6af072d	sw/kernel/include/vx_intrinsics.h	V046__vortex__sw__kernel__include__vx_intrinsics.h	software
V047	vortex	d76b7f24e658867ab57e3942d7c648c3e6af072d	sw/kernel/include/vx_spawn.h	V047__vortex__sw__kernel__include__vx_spawn.h	software
V048	vortex	d76b7f24e658867ab57e3942d7c648c3e6af072d	sw/kernel/src/tinyprintf.c	V048__vortex__sw__kernel__src__tinyprintf.c	software
V049	vortex	d76b7f24e658867ab57e3942d7c648c3e6af072d	sw/runtime/common/buffer.cpp	V049__vortex__sw__runtime__common__buffer.cpp	runtime
V050	vortex	d76b7f24e658867ab57e3942d7c648c3e6af072d	sw/runtime/common/device.cpp	V050__vortex__sw__runtime__common__device.cpp	runtime
V051	vortex	d76b7f24e658867ab57e3942d7c648c3e6af072d	sw/runtime/common/vm.cpp	V051__vortex__sw__runtime__common__vm.cpp	runtime
V052	vortex	d76b7f24e658867ab57e3942d7c648c3e6af072d	sw/runtime/include/vortex2.h	V052__vortex__sw__runtime__include__vortex2.h	runtime-api
V053	vortex	d76b7f24e658867ab57e3942d7c648c3e6af072d	sw/runtime/rtlsim/vortex.cpp	V053__vortex__sw__runtime__rtlsim__vortex.cpp	runtime
V054	vortex	d76b7f24e658867ab57e3942d7c648c3e6af072d	tests/graphics/gfx_draw3d/main.cpp	V054__vortex__tests__graphics__gfx_draw3d__main.cpp	test
V055	vortex	d76b7f24e658867ab57e3942d7c648c3e6af072d	tests/hip/atomicreduce/main.cpp	V055__vortex__tests__hip__atomicreduce__main.cpp	test
V056	vortex	d76b7f24e658867ab57e3942d7c648c3e6af072d	tests/hip/histogram/main.cpp	V056__vortex__tests__hip__histogram__main.cpp	test
V057	vortex	d76b7f24e658867ab57e3942d7c648c3e6af072d	tests/hip/sgemm/main.cpp	V057__vortex__tests__hip__sgemm__main.cpp	test
V058	vortex	d76b7f24e658867ab57e3942d7c648c3e6af072d	tests/hip/vecadd/main.cpp	V058__vortex__tests__hip__vecadd__main.cpp	test
V059	vortex	d76b7f24e658867ab57e3942d7c648c3e6af072d	tests/kernel/hello/main.cpp	V059__vortex__tests__kernel__hello__main.cpp	test
V060	vortex	d76b7f24e658867ab57e3942d7c648c3e6af072d	tests/kernel/vecadd/vecadd.cpp	V060__vortex__tests__kernel__vecadd__vecadd.cpp	test
V061	vortex	d76b7f24e658867ab57e3942d7c648c3e6af072d	docs/coding_guidelines_cpp.md	V061__coding_guidelines_cpp.md	documentation
V062	vortex	d76b7f24e658867ab57e3942d7c648c3e6af072d	docs/coding_guidelines_verilog.md	V062__coding_guidelines_verilog.md	documentation
V063	vortex	d76b7f24e658867ab57e3942d7c648c3e6af072d	docs/designs/build_configuration_system.md	V063__build_configuration_system.md	documentation
V064	vortex	d76b7f24e658867ab57e3942d7c648c3e6af072d	docs/designs/continuous_integration.md	V064__continuous_integration.md	documentation
V065	vortex	d76b7f24e658867ab57e3942d7c648c3e6af072d	docs/designs/fpga_afu_shell.md	V065__fpga_afu_shell.md	documentation
V066	vortex	d76b7f24e658867ab57e3942d7c648c3e6af072d	docs/designs/hip_on_vortex_chipstar.md	V066__hip_on_vortex_chipstar.md	documentation
V067	vortex	d76b7f24e658867ab57e3942d7c648c3e6af072d	docs/designs/ray_tracing_unit.md	V067__ray_tracing_unit.md	documentation
V068	vortex	d76b7f24e658867ab57e3942d7c648c3e6af072d	docs/designs/simx_simulator_architecture.md	V068__simx_simulator_architecture.md	documentation
V069	vortex	d76b7f24e658867ab57e3942d7c648c3e6af072d	docs/designs/tensor_core_wgmma_engine.md	V069__tensor_core_wgmma_engine.md	documentation
V070	vortex	d76b7f24e658867ab57e3942d7c648c3e6af072d	docs/designs/vortex_gem5_integration.md	V070__vortex_gem5_integration.md	documentation
V071	vortex	d76b7f24e658867ab57e3942d7c648c3e6af072d	docs/designs/vortexpipe_architecture.md	V071__vortexpipe_architecture.md	documentation
V072	vortex	d76b7f24e658867ab57e3942d7c648c3e6af072d	docs/environment_setup.md	V072__environment_setup.md	documentation
V073	vortex	d76b7f24e658867ab57e3942d7c648c3e6af072d	docs/fpga_setup.md	V073__fpga_setup.md	documentation
V074	vortex	d76b7f24e658867ab57e3942d7c648c3e6af072d	docs/hardware_library.md	V074__hardware_library.md	documentation
V075	vortex	d76b7f24e658867ab57e3942d7c648c3e6af072d	docs/index.md	V075__index.md	documentation
V076	vortex	d76b7f24e658867ab57e3942d7c648c3e6af072d	docs/install_vortex.md	V076__install_vortex.md	documentation
V077	vortex	d76b7f24e658867ab57e3942d7c648c3e6af072d	docs/kernel_debugging.md	V077__kernel_debugging.md	documentation
V078	vortex	d76b7f24e658867ab57e3942d7c648c3e6af072d	docs/perfetto_analysis.md	V078__perfetto_analysis.md	documentation
V079	vortex	d76b7f24e658867ab57e3942d7c648c3e6af072d	docs/references.md	V079__references.md	documentation
V080	vortex	d76b7f24e658867ab57e3942d7c648c3e6af072d	docs/simobject.md	V080__simobject.md	documentation
V081	vortex	d76b7f24e658867ab57e3942d7c648c3e6af072d	docs/simulation.md	V081__simulation.md	documentation
V082	vortex	d76b7f24e658867ab57e3942d7c648c3e6af072d	docs/software.md	V082__software.md	documentation
V083	vortex	d76b7f24e658867ab57e3942d7c648c3e6af072d	docs/synthesis_analysis.md	V083__synthesis_analysis.md	documentation
V084	vortex	d76b7f24e658867ab57e3942d7c648c3e6af072d	docs/testing.md	V084__testing.md	documentation
V085	vortex	d76b7f24e658867ab57e3942d7c648c3e6af072d	docs/vm.md	V085__vm.md	documentation
V086	vortex	d76b7f24e658867ab57e3942d7c648c3e6af072d	hw/dpi/dpi_float.cpp	V086__dpi_float.cpp	rtl
V087	vortex	d76b7f24e658867ab57e3942d7c648c3e6af072d	hw/dpi/dpi_float.vh	V087__dpi_float.vh	rtl
V088	vortex	d76b7f24e658867ab57e3942d7c648c3e6af072d	hw/dpi/dpi_util.cpp	V088__dpi_util.cpp	rtl
V089	vortex	d76b7f24e658867ab57e3942d7c648c3e6af072d	hw/dpi/dpi_util.vh	V089__dpi_util.vh	rtl
V090	vortex	d76b7f24e658867ab57e3942d7c648c3e6af072d	hw/rtl/VX_graphics.sv	V090__VX_graphics.sv	rtl
V091	vortex	d76b7f24e658867ab57e3942d7c648c3e6af072d	hw/rtl/VX_kmu.sv	V091__VX_kmu.sv	rtl
V092	vortex	d76b7f24e658867ab57e3942d7c648c3e6af072d	hw/rtl/VX_platform.vh	V092__VX_platform.vh	rtl
V093	vortex	d76b7f24e658867ab57e3942d7c648c3e6af072d	hw/rtl/VX_scope.vh	V093__VX_scope.vh	rtl
V094	vortex	d76b7f24e658867ab57e3942d7c648c3e6af072d	hw/rtl/VX_trace_pkg.sv	V094__VX_trace_pkg.sv	rtl
V095	vortex	d76b7f24e658867ab57e3942d7c648c3e6af072d	hw/rtl/cache/VX_amo_alu.sv	V095__VX_amo_alu.sv	rtl
V096	vortex	d76b7f24e658867ab57e3942d7c648c3e6af072d	hw/rtl/cache/VX_amo_unit.sv	V096__VX_amo_unit.sv	rtl
V097	vortex	d76b7f24e658867ab57e3942d7c648c3e6af072d	hw/rtl/cache/VX_cache_bank.sv	V097__VX_cache_bank.sv	rtl
V098	vortex	d76b7f24e658867ab57e3942d7c648c3e6af072d	hw/rtl/cache/VX_cache_bypass.sv	V098__VX_cache_bypass.sv	rtl
V099	vortex	d76b7f24e658867ab57e3942d7c648c3e6af072d	hw/rtl/cache/VX_cache_cluster.sv	V099__VX_cache_cluster.sv	rtl
V100	vortex	d76b7f24e658867ab57e3942d7c648c3e6af072d	hw/rtl/cache/VX_cache_data.sv	V100__VX_cache_data.sv	rtl
V101	vortex	d76b7f24e658867ab57e3942d7c648c3e6af072d	hw/rtl/cache/VX_cache_define.vh	V101__VX_cache_define.vh	rtl
V102	vortex	d76b7f24e658867ab57e3942d7c648c3e6af072d	hw/rtl/cache/VX_cache_init.sv	V102__VX_cache_init.sv	rtl
V103	vortex	d76b7f24e658867ab57e3942d7c648c3e6af072d	hw/rtl/cache/VX_cache_mshr.sv	V103__VX_cache_mshr.sv	rtl
V104	vortex	d76b7f24e658867ab57e3942d7c648c3e6af072d	hw/rtl/cache/VX_cache_repl.sv	V104__VX_cache_repl.sv	rtl
V105	vortex	d76b7f24e658867ab57e3942d7c648c3e6af072d	hw/rtl/cache/VX_cache_tags.sv	V105__VX_cache_tags.sv	rtl
V106	vortex	d76b7f24e658867ab57e3942d7c648c3e6af072d	hw/rtl/cache/VX_cache_wrap.sv	V106__VX_cache_wrap.sv	rtl
V107	vortex	d76b7f24e658867ab57e3942d7c648c3e6af072d	hw/rtl/core/VX_alu_int.sv	V107__VX_alu_int.sv	rtl
V108	vortex	d76b7f24e658867ab57e3942d7c648c3e6af072d	hw/rtl/core/VX_alu_muldiv.sv	V108__VX_alu_muldiv.sv	rtl
V109	vortex	d76b7f24e658867ab57e3942d7c648c3e6af072d	hw/rtl/core/VX_csr_unit.sv	V109__VX_csr_unit.sv	rtl
V110	vortex	d76b7f24e658867ab57e3942d7c648c3e6af072d	hw/rtl/core/VX_dcr_arb.sv	V110__VX_dcr_arb.sv	rtl
V111	vortex	d76b7f24e658867ab57e3942d7c648c3e6af072d	hw/rtl/core/VX_dcr_data.sv	V111__VX_dcr_data.sv	rtl
V112	vortex	d76b7f24e658867ab57e3942d7c648c3e6af072d	hw/rtl/core/VX_dcr_flush.sv	V112__VX_dcr_flush.sv	rtl
V113	vortex	d76b7f24e658867ab57e3942d7c648c3e6af072d	hw/rtl/core/VX_decompressor.sv	V113__VX_decompressor.sv	rtl
V114	vortex	d76b7f24e658867ab57e3942d7c648c3e6af072d	hw/rtl/core/VX_dispatcher.sv	V114__VX_dispatcher.sv	rtl
V115	vortex	d76b7f24e658867ab57e3942d7c648c3e6af072d	hw/rtl/core/VX_ibuffer.sv	V115__VX_ibuffer.sv	rtl
V116	vortex	d76b7f24e658867ab57e3942d7c648c3e6af072d	hw/rtl/core/VX_ipdom_stack.sv	V116__VX_ipdom_stack.sv	rtl
V117	vortex	d76b7f24e658867ab57e3942d7c648c3e6af072d	hw/rtl/core/VX_issue.sv	V117__VX_issue.sv	rtl
V118	vortex	d76b7f24e658867ab57e3942d7c648c3e6af072d	hw/rtl/core/VX_issue_slice.sv	V118__VX_issue_slice.sv	rtl
V119	vortex	d76b7f24e658867ab57e3942d7c648c3e6af072d	hw/rtl/core/VX_kmu_arb.sv	V119__VX_kmu_arb.sv	rtl
V120	vortex	d76b7f24e658867ab57e3942d7c648c3e6af072d	hw/rtl/core/VX_lane_dispatch.sv	V120__VX_lane_dispatch.sv	rtl
V121	vortex	d76b7f24e658867ab57e3942d7c648c3e6af072d	hw/rtl/core/VX_lane_gather.sv	V121__VX_lane_gather.sv	rtl
V122	vortex	d76b7f24e658867ab57e3942d7c648c3e6af072d	hw/rtl/core/VX_lsu_agu.sv	V122__VX_lsu_agu.sv	rtl
V123	vortex	d76b7f24e658867ab57e3942d7c648c3e6af072d	hw/rtl/core/VX_lsu_scheduler.sv	V123__VX_lsu_scheduler.sv	rtl
V124	vortex	d76b7f24e658867ab57e3942d7c648c3e6af072d	hw/rtl/core/VX_lsu_slice.sv	V124__VX_lsu_slice.sv	rtl
V125	vortex	d76b7f24e658867ab57e3942d7c648c3e6af072d	hw/rtl/core/VX_mem_unit.sv	V125__VX_mem_unit.sv	rtl
V126	vortex	d76b7f24e658867ab57e3942d7c648c3e6af072d	hw/rtl/core/VX_opc_unit.sv	V126__VX_opc_unit.sv	rtl
V127	vortex	d76b7f24e658867ab57e3942d7c648c3e6af072d	hw/rtl/core/VX_operands.sv	V127__VX_operands.sv	rtl
V128	vortex	d76b7f24e658867ab57e3942d7c648c3e6af072d	hw/rtl/core/VX_pe_switch.sv	V128__VX_pe_switch.sv	rtl
V129	vortex	d76b7f24e658867ab57e3942d7c648c3e6af072d	hw/rtl/core/VX_scoreboard.sv	V129__VX_scoreboard.sv	rtl
V130	vortex	d76b7f24e658867ab57e3942d7c648c3e6af072d	hw/rtl/core/VX_sfu_unit.sv	V130__VX_sfu_unit.sv	rtl
V131	vortex	d76b7f24e658867ab57e3942d7c648c3e6af072d	hw/rtl/core/VX_split_join.sv	V131__VX_split_join.sv	rtl
V132	vortex	d76b7f24e658867ab57e3942d7c648c3e6af072d	hw/rtl/core/VX_txbar_arb.sv	V132__VX_txbar_arb.sv	rtl
V133	vortex	d76b7f24e658867ab57e3942d7c648c3e6af072d	hw/rtl/core/VX_uop_packld.sv	V133__VX_uop_packld.sv	rtl
V134	vortex	d76b7f24e658867ab57e3942d7c648c3e6af072d	hw/rtl/core/VX_uop_sequencer.sv	V134__VX_uop_sequencer.sv	rtl
V135	vortex	d76b7f24e658867ab57e3942d7c648c3e6af072d	hw/rtl/core/VX_uuid_gen.sv	V135__VX_uuid_gen.sv	rtl
V136	vortex	d76b7f24e658867ab57e3942d7c648c3e6af072d	hw/rtl/core/VX_wctl_unit.sv	V136__VX_wctl_unit.sv	rtl
V137	vortex	d76b7f24e658867ab57e3942d7c648c3e6af072d	hw/rtl/cp/VX_cp_arbiter.sv	V137__VX_cp_arbiter.sv	rtl
V138	vortex	d76b7f24e658867ab57e3942d7c648c3e6af072d	hw/rtl/cp/VX_cp_axil_regfile.sv	V138__VX_cp_axil_regfile.sv	rtl
V139	vortex	d76b7f24e658867ab57e3942d7c648c3e6af072d	hw/rtl/cp/VX_cp_axil_s_if.sv	V139__VX_cp_axil_s_if.sv	rtl
V140	vortex	d76b7f24e658867ab57e3942d7c648c3e6af072d	hw/rtl/cp/VX_cp_completion.sv	V140__VX_cp_completion.sv	rtl
V141	vortex	d76b7f24e658867ab57e3942d7c648c3e6af072d	hw/rtl/cp/VX_cp_core.sv	V141__VX_cp_core.sv	rtl
V142	vortex	d76b7f24e658867ab57e3942d7c648c3e6af072d	hw/rtl/cp/VX_cp_dcr_proxy.sv	V142__VX_cp_dcr_proxy.sv	rtl
V143	vortex	d76b7f24e658867ab57e3942d7c648c3e6af072d	hw/rtl/cp/VX_cp_dma.sv	V143__VX_cp_dma.sv	rtl
V144	vortex	d76b7f24e658867ab57e3942d7c648c3e6af072d	hw/rtl/cp/VX_cp_engine.sv	V144__VX_cp_engine.sv	rtl
V145	vortex	d76b7f24e658867ab57e3942d7c648c3e6af072d	hw/rtl/cp/VX_cp_engine_bid_if.sv	V145__VX_cp_engine_bid_if.sv	rtl
V146	vortex	d76b7f24e658867ab57e3942d7c648c3e6af072d	hw/rtl/cp/VX_cp_event_unit.sv	V146__VX_cp_event_unit.sv	rtl
V147	vortex	d76b7f24e658867ab57e3942d7c648c3e6af072d	hw/rtl/cp/VX_cp_fetch.sv	V147__VX_cp_fetch.sv	rtl
V148	vortex	d76b7f24e658867ab57e3942d7c648c3e6af072d	hw/rtl/cp/VX_cp_gpu_if.sv	V148__VX_cp_gpu_if.sv	rtl
V149	vortex	d76b7f24e658867ab57e3942d7c648c3e6af072d	hw/rtl/cp/VX_cp_gpu_slice.sv	V149__VX_cp_gpu_slice.sv	rtl
V150	vortex	d76b7f24e658867ab57e3942d7c648c3e6af072d	hw/rtl/cp/VX_cp_launch.sv	V150__VX_cp_launch.sv	rtl
V151	vortex	d76b7f24e658867ab57e3942d7c648c3e6af072d	hw/rtl/cp/VX_cp_pkg.sv	V151__VX_cp_pkg.sv	rtl
V152	vortex	d76b7f24e658867ab57e3942d7c648c3e6af072d	hw/rtl/cp/VX_cp_profiling.sv	V152__VX_cp_profiling.sv	rtl
V153	vortex	d76b7f24e658867ab57e3942d7c648c3e6af072d	hw/rtl/cp/VX_cp_unpack.sv	V153__VX_cp_unpack.sv	rtl
V154	vortex	d76b7f24e658867ab57e3942d7c648c3e6af072d	hw/rtl/dxa/VX_dxa_addr_gen.sv	V154__VX_dxa_addr_gen.sv	rtl
V155	vortex	d76b7f24e658867ab57e3942d7c648c3e6af072d	hw/rtl/dxa/VX_dxa_completion.sv	V155__VX_dxa_completion.sv	rtl
V156	vortex	d76b7f24e658867ab57e3942d7c648c3e6af072d	hw/rtl/dxa/VX_dxa_core.sv	V156__VX_dxa_core.sv	rtl
V157	vortex	d76b7f24e658867ab57e3942d7c648c3e6af072d	hw/rtl/dxa/VX_dxa_desc_table.sv	V157__VX_dxa_desc_table.sv	rtl
V158	vortex	d76b7f24e658867ab57e3942d7c648c3e6af072d	hw/rtl/dxa/VX_dxa_dispatch.sv	V158__VX_dxa_dispatch.sv	rtl
V159	vortex	d76b7f24e658867ab57e3942d7c648c3e6af072d	hw/rtl/dxa/VX_dxa_gmem_req.sv	V159__VX_dxa_gmem_req.sv	rtl
V160	vortex	d76b7f24e658867ab57e3942d7c648c3e6af072d	hw/rtl/dxa/VX_dxa_pkg.sv	V160__VX_dxa_pkg.sv	rtl
V161	vortex	d76b7f24e658867ab57e3942d7c648c3e6af072d	hw/rtl/dxa/VX_dxa_req_arb.sv	V161__VX_dxa_req_arb.sv	rtl
V162	vortex	d76b7f24e658867ab57e3942d7c648c3e6af072d	hw/rtl/dxa/VX_dxa_req_bus_if.sv	V162__VX_dxa_req_bus_if.sv	rtl
V163	vortex	d76b7f24e658867ab57e3942d7c648c3e6af072d	hw/rtl/dxa/VX_dxa_setup.sv	V163__VX_dxa_setup.sv	rtl
V164	vortex	d76b7f24e658867ab57e3942d7c648c3e6af072d	hw/rtl/dxa/VX_dxa_smem_wr.sv	V164__VX_dxa_smem_wr.sv	rtl
V165	vortex	d76b7f24e658867ab57e3942d7c648c3e6af072d	hw/rtl/dxa/VX_dxa_unit.sv	V165__VX_dxa_unit.sv	rtl
V166	vortex	d76b7f24e658867ab57e3942d7c648c3e6af072d	hw/rtl/dxa/VX_dxa_watchdog.sv	V166__VX_dxa_watchdog.sv	rtl
V167	vortex	d76b7f24e658867ab57e3942d7c648c3e6af072d	hw/rtl/dxa/VX_dxa_worker.sv	V167__VX_dxa_worker.sv	rtl
V168	vortex	d76b7f24e658867ab57e3942d7c648c3e6af072d	hw/rtl/dxa/VX_dxa_worker_req_if.sv	V168__VX_dxa_worker_req_if.sv	rtl
V169	vortex	d76b7f24e658867ab57e3942d7c648c3e6af072d	hw/rtl/fpu/VX_fcvt_unit.sv	V169__VX_fcvt_unit.sv	rtl
V170	vortex	d76b7f24e658867ab57e3942d7c648c3e6af072d	hw/rtl/fpu/VX_fdiv_unit.sv	V170__VX_fdiv_unit.sv	rtl
V171	vortex	d76b7f24e658867ab57e3942d7c648c3e6af072d	hw/rtl/fpu/VX_fdiv_unit_rtl.sv	V171__VX_fdiv_unit_rtl.sv	rtl
V172	vortex	d76b7f24e658867ab57e3942d7c648c3e6af072d	hw/rtl/fpu/VX_fdivsqrt_unit.sv	V172__VX_fdivsqrt_unit.sv	rtl
V173	vortex	d76b7f24e658867ab57e3942d7c648c3e6af072d	hw/rtl/fpu/VX_fma_unit.sv	V173__VX_fma_unit.sv	rtl
V174	vortex	d76b7f24e658867ab57e3942d7c648c3e6af072d	hw/rtl/fpu/VX_fma_unit_rtl.sv	V174__VX_fma_unit_rtl.sv	rtl
V175	vortex	d76b7f24e658867ab57e3942d7c648c3e6af072d	hw/rtl/fpu/VX_fncp_unit.sv	V175__VX_fncp_unit.sv	rtl
V176	vortex	d76b7f24e658867ab57e3942d7c648c3e6af072d	hw/rtl/fpu/VX_fp_classifier.sv	V176__VX_fp_classifier.sv	rtl
V177	vortex	d76b7f24e658867ab57e3942d7c648c3e6af072d	hw/rtl/fpu/VX_fp_rounding.sv	V177__VX_fp_rounding.sv	rtl
V178	vortex	d76b7f24e658867ab57e3942d7c648c3e6af072d	hw/rtl/fpu/VX_fpu_csr_if.sv	V178__VX_fpu_csr_if.sv	rtl
V179	vortex	d76b7f24e658867ab57e3942d7c648c3e6af072d	hw/rtl/fpu/VX_fpu_define.vh	V179__VX_fpu_define.vh	rtl
V180	vortex	d76b7f24e658867ab57e3942d7c648c3e6af072d	hw/rtl/fpu/VX_fpu_dpi.sv	V180__VX_fpu_dpi.sv	rtl
V181	vortex	d76b7f24e658867ab57e3942d7c648c3e6af072d	hw/rtl/fpu/VX_fpu_dsp.sv	V181__VX_fpu_dsp.sv	rtl
V182	vortex	d76b7f24e658867ab57e3942d7c648c3e6af072d	hw/rtl/fpu/VX_fpu_fpnew.sv	V182__VX_fpu_fpnew.sv	rtl
V183	vortex	d76b7f24e658867ab57e3942d7c648c3e6af072d	hw/rtl/fpu/VX_fpu_pkg.sv	V183__VX_fpu_pkg.sv	rtl
V184	vortex	d76b7f24e658867ab57e3942d7c648c3e6af072d	hw/rtl/fpu/VX_fpu_std.sv	V184__VX_fpu_std.sv	rtl
V185	vortex	d76b7f24e658867ab57e3942d7c648c3e6af072d	hw/rtl/fpu/VX_fpu_unit.sv	V185__VX_fpu_unit.sv	rtl
V186	vortex	d76b7f24e658867ab57e3942d7c648c3e6af072d	hw/rtl/fpu/VX_fsqrt_unit.sv	V186__VX_fsqrt_unit.sv	rtl
V187	vortex	d76b7f24e658867ab57e3942d7c648c3e6af072d	hw/rtl/fpu/VX_fsqrt_unit_rtl.sv	V187__VX_fsqrt_unit_rtl.sv	rtl
V188	vortex	d76b7f24e658867ab57e3942d7c648c3e6af072d	hw/rtl/gfx/VX_gfx_win_rd_if.sv	V188__VX_gfx_win_rd_if.sv	rtl
V189	vortex	d76b7f24e658867ab57e3942d7c648c3e6af072d	hw/rtl/gfx/VX_gfx_win_wr_if.sv	V189__VX_gfx_win_wr_if.sv	rtl
V190	vortex	d76b7f24e658867ab57e3942d7c648c3e6af072d	hw/rtl/gfx/VX_gfx_window.sv	V190__VX_gfx_window.sv	rtl
V191	vortex	d76b7f24e658867ab57e3942d7c648c3e6af072d	hw/rtl/gfx/VX_gfx_window_pkg.sv	V191__VX_gfx_window_pkg.sv	rtl
V192	vortex	d76b7f24e658867ab57e3942d7c648c3e6af072d	hw/rtl/gfx/VX_gfxw_uops.sv	V192__VX_gfxw_uops.sv	rtl
V193	vortex	d76b7f24e658867ab57e3942d7c648c3e6af072d	hw/rtl/interfaces/VX_async_trap_if.sv	V193__VX_async_trap_if.sv	rtl
V194	vortex	d76b7f24e658867ab57e3942d7c648c3e6af072d	hw/rtl/interfaces/VX_branch_ctl_if.sv	V194__VX_branch_ctl_if.sv	rtl
V195	vortex	d76b7f24e658867ab57e3942d7c648c3e6af072d	hw/rtl/interfaces/VX_commit_if.sv	V195__VX_commit_if.sv	rtl
V196	vortex	d76b7f24e658867ab57e3942d7c648c3e6af072d	hw/rtl/interfaces/VX_commit_sched_if.sv	V196__VX_commit_sched_if.sv	rtl
V197	vortex	d76b7f24e658867ab57e3942d7c648c3e6af072d	hw/rtl/interfaces/VX_dcr_bus_if.sv	V197__VX_dcr_bus_if.sv	rtl
V198	vortex	d76b7f24e658867ab57e3942d7c648c3e6af072d	hw/rtl/interfaces/VX_dcr_csr_if.sv	V198__VX_dcr_csr_if.sv	rtl
V199	vortex	d76b7f24e658867ab57e3942d7c648c3e6af072d	hw/rtl/interfaces/VX_dcr_flush_if.sv	V199__VX_dcr_flush_if.sv	rtl
V200	vortex	d76b7f24e658867ab57e3942d7c648c3e6af072d	hw/rtl/interfaces/VX_decode_if.sv	V200__VX_decode_if.sv	rtl
V201	vortex	d76b7f24e658867ab57e3942d7c648c3e6af072d	hw/rtl/interfaces/VX_decode_sched_if.sv	V201__VX_decode_sched_if.sv	rtl
V202	vortex	d76b7f24e658867ab57e3942d7c648c3e6af072d	hw/rtl/interfaces/VX_dispatch_if.sv	V202__VX_dispatch_if.sv	rtl
V203	vortex	d76b7f24e658867ab57e3942d7c648c3e6af072d	hw/rtl/interfaces/VX_execute_if.sv	V203__VX_execute_if.sv	rtl
V204	vortex	d76b7f24e658867ab57e3942d7c648c3e6af072d	hw/rtl/interfaces/VX_fetch_if.sv	V204__VX_fetch_if.sv	rtl
V205	vortex	d76b7f24e658867ab57e3942d7c648c3e6af072d	hw/rtl/interfaces/VX_ibuffer_if.sv	V205__VX_ibuffer_if.sv	rtl
V206	vortex	d76b7f24e658867ab57e3942d7c648c3e6af072d	hw/rtl/interfaces/VX_issue_sched_if.sv	V206__VX_issue_sched_if.sv	rtl
V207	vortex	d76b7f24e658867ab57e3942d7c648c3e6af072d	hw/rtl/interfaces/VX_kmu_bus_if.sv	V207__VX_kmu_bus_if.sv	rtl
V208	vortex	d76b7f24e658867ab57e3942d7c648c3e6af072d	hw/rtl/interfaces/VX_lsu_sched_if.sv	V208__VX_lsu_sched_if.sv	rtl
V209	vortex	d76b7f24e658867ab57e3942d7c648c3e6af072d	hw/rtl/interfaces/VX_operands_if.sv	V209__VX_operands_if.sv	rtl
V210	vortex	d76b7f24e658867ab57e3942d7c648c3e6af072d	hw/rtl/interfaces/VX_result_if.sv	V210__VX_result_if.sv	rtl
V211	vortex	d76b7f24e658867ab57e3942d7c648c3e6af072d	hw/rtl/interfaces/VX_sched_csr_if.sv	V211__VX_sched_csr_if.sv	rtl
V212	vortex	d76b7f24e658867ab57e3942d7c648c3e6af072d	hw/rtl/interfaces/VX_schedule_if.sv	V212__VX_schedule_if.sv	rtl
V213	vortex	d76b7f24e658867ab57e3942d7c648c3e6af072d	hw/rtl/interfaces/VX_scoreboard_if.sv	V213__VX_scoreboard_if.sv	rtl
V214	vortex	d76b7f24e658867ab57e3942d7c648c3e6af072d	hw/rtl/interfaces/VX_sfu_csr_if.sv	V214__VX_sfu_csr_if.sv	rtl
V215	vortex	d76b7f24e658867ab57e3942d7c648c3e6af072d	hw/rtl/interfaces/VX_txbar_bus_if.sv	V215__VX_txbar_bus_if.sv	rtl
V216	vortex	d76b7f24e658867ab57e3942d7c648c3e6af072d	hw/rtl/interfaces/VX_warp_ctl_if.sv	V216__VX_warp_ctl_if.sv	rtl
V217	vortex	d76b7f24e658867ab57e3942d7c648c3e6af072d	hw/rtl/interfaces/VX_writeback_if.sv	V217__VX_writeback_if.sv	rtl
V218	vortex	d76b7f24e658867ab57e3942d7c648c3e6af072d	hw/rtl/libs/VX_allocator.sv	V218__VX_allocator.sv	rtl
V219	vortex	d76b7f24e658867ab57e3942d7c648c3e6af072d	hw/rtl/libs/VX_async_ram_patch.sv	V219__VX_async_ram_patch.sv	rtl
V220	vortex	d76b7f24e658867ab57e3942d7c648c3e6af072d	hw/rtl/libs/VX_axi_write_ack.sv	V220__VX_axi_write_ack.sv	rtl
V221	vortex	d76b7f24e658867ab57e3942d7c648c3e6af072d	hw/rtl/libs/VX_bits_concat.sv	V221__VX_bits_concat.sv	rtl
V222	vortex	d76b7f24e658867ab57e3942d7c648c3e6af072d	hw/rtl/libs/VX_bits_insert.sv	V222__VX_bits_insert.sv	rtl
V223	vortex	d76b7f24e658867ab57e3942d7c648c3e6af072d	hw/rtl/libs/VX_bits_remove.sv	V223__VX_bits_remove.sv	rtl
V224	vortex	d76b7f24e658867ab57e3942d7c648c3e6af072d	hw/rtl/libs/VX_bypass_buffer.sv	V224__VX_bypass_buffer.sv	rtl
V225	vortex	d76b7f24e658867ab57e3942d7c648c3e6af072d	hw/rtl/libs/VX_clockgate.sv	V225__VX_clockgate.sv	rtl
V226	vortex	d76b7f24e658867ab57e3942d7c648c3e6af072d	hw/rtl/libs/VX_csa_32.sv	V226__VX_csa_32.sv	rtl
V227	vortex	d76b7f24e658867ab57e3942d7c648c3e6af072d	hw/rtl/libs/VX_csa_42.sv	V227__VX_csa_42.sv	rtl
V228	vortex	d76b7f24e658867ab57e3942d7c648c3e6af072d	hw/rtl/libs/VX_csa_mod4.sv	V228__VX_csa_mod4.sv	rtl
V229	vortex	d76b7f24e658867ab57e3942d7c648c3e6af072d	hw/rtl/libs/VX_csa_tree.sv	V229__VX_csa_tree.sv	rtl
V230	vortex	d76b7f24e658867ab57e3942d7c648c3e6af072d	hw/rtl/libs/VX_cyclic_arbiter.sv	V230__VX_cyclic_arbiter.sv	rtl
V231	vortex	d76b7f24e658867ab57e3942d7c648c3e6af072d	hw/rtl/libs/VX_demux.sv	V231__VX_demux.sv	rtl
V232	vortex	d76b7f24e658867ab57e3942d7c648c3e6af072d	hw/rtl/libs/VX_divider.sv	V232__VX_divider.sv	rtl
V233	vortex	d76b7f24e658867ab57e3942d7c648c3e6af072d	hw/rtl/libs/VX_dp_ram.sv	V233__VX_dp_ram.sv	rtl
V234	vortex	d76b7f24e658867ab57e3942d7c648c3e6af072d	hw/rtl/libs/VX_edge_trigger.sv	V234__VX_edge_trigger.sv	rtl
V235	vortex	d76b7f24e658867ab57e3942d7c648c3e6af072d	hw/rtl/libs/VX_elastic_adapter.sv	V235__VX_elastic_adapter.sv	rtl
V236	vortex	d76b7f24e658867ab57e3942d7c648c3e6af072d	hw/rtl/libs/VX_elastic_buffer.sv	V236__VX_elastic_buffer.sv	rtl
V237	vortex	d76b7f24e658867ab57e3942d7c648c3e6af072d	hw/rtl/libs/VX_fanout_buffer.sv	V237__VX_fanout_buffer.sv	rtl
V238	vortex	d76b7f24e658867ab57e3942d7c648c3e6af072d	hw/rtl/libs/VX_fifo_queue.sv	V238__VX_fifo_queue.sv	rtl
V239	vortex	d76b7f24e658867ab57e3942d7c648c3e6af072d	hw/rtl/libs/VX_find_first.sv	V239__VX_find_first.sv	rtl
V240	vortex	d76b7f24e658867ab57e3942d7c648c3e6af072d	hw/rtl/libs/VX_fold_mul.sv	V240__VX_fold_mul.sv	rtl
V241	vortex	d76b7f24e658867ab57e3942d7c648c3e6af072d	hw/rtl/libs/VX_generic_arbiter.sv	V241__VX_generic_arbiter.sv	rtl
V242	vortex	d76b7f24e658867ab57e3942d7c648c3e6af072d	hw/rtl/libs/VX_gto_arbiter.sv	V242__VX_gto_arbiter.sv	rtl
V243	vortex	d76b7f24e658867ab57e3942d7c648c3e6af072d	hw/rtl/libs/VX_index_buffer.sv	V243__VX_index_buffer.sv	rtl
V244	vortex	d76b7f24e658867ab57e3942d7c648c3e6af072d	hw/rtl/libs/VX_index_queue.sv	V244__VX_index_queue.sv	rtl
V245	vortex	d76b7f24e658867ab57e3942d7c648c3e6af072d	hw/rtl/libs/VX_ks_adder.sv	V245__VX_ks_adder.sv	rtl
V246	vortex	d76b7f24e658867ab57e3942d7c648c3e6af072d	hw/rtl/libs/VX_lzc.sv	V246__VX_lzc.sv	rtl
V247	vortex	d76b7f24e658867ab57e3942d7c648c3e6af072d	hw/rtl/libs/VX_matrix_arbiter.sv	V247__VX_matrix_arbiter.sv	rtl
V248	vortex	d76b7f24e658867ab57e3942d7c648c3e6af072d	hw/rtl/libs/VX_mem_bank_adapter.sv	V248__VX_mem_bank_adapter.sv	rtl
V249	vortex	d76b7f24e658867ab57e3942d7c648c3e6af072d	hw/rtl/libs/VX_mem_coalescer.sv	V249__VX_mem_coalescer.sv	rtl
V250	vortex	d76b7f24e658867ab57e3942d7c648c3e6af072d	hw/rtl/libs/VX_mem_data_adapter.sv	V250__VX_mem_data_adapter.sv	rtl
V251	vortex	d76b7f24e658867ab57e3942d7c648c3e6af072d	hw/rtl/libs/VX_mem_from_axi.sv	V251__VX_mem_from_axi.sv	rtl
V252	vortex	d76b7f24e658867ab57e3942d7c648c3e6af072d	hw/rtl/libs/VX_mem_scheduler.sv	V252__VX_mem_scheduler.sv	rtl
V253	vortex	d76b7f24e658867ab57e3942d7c648c3e6af072d	hw/rtl/libs/VX_mem_to_avs.sv	V253__VX_mem_to_avs.sv	rtl
V254	vortex	d76b7f24e658867ab57e3942d7c648c3e6af072d	hw/rtl/libs/VX_mem_to_axi.sv	V254__VX_mem_to_axi.sv	rtl
V255	vortex	d76b7f24e658867ab57e3942d7c648c3e6af072d	hw/rtl/libs/VX_mm_axi_arb.sv	V255__VX_mm_axi_arb.sv	rtl
V256	vortex	d76b7f24e658867ab57e3942d7c648c3e6af072d	hw/rtl/libs/VX_mm_axi_slice.sv	V256__VX_mm_axi_slice.sv	rtl
V257	vortex	d76b7f24e658867ab57e3942d7c648c3e6af072d	hw/rtl/libs/VX_mm_axi_xbar.sv	V257__VX_mm_axi_xbar.sv	rtl
V258	vortex	d76b7f24e658867ab57e3942d7c648c3e6af072d	hw/rtl/libs/VX_multiplier.sv	V258__VX_multiplier.sv	rtl
V259	vortex	d76b7f24e658867ab57e3942d7c648c3e6af072d	hw/rtl/libs/VX_mux.sv	V259__VX_mux.sv	rtl
V260	vortex	d76b7f24e658867ab57e3942d7c648c3e6af072d	hw/rtl/libs/VX_nz_iterator.sv	V260__VX_nz_iterator.sv	rtl
V261	vortex	d76b7f24e658867ab57e3942d7c648c3e6af072d	hw/rtl/libs/VX_onehot_encoder.sv	V261__VX_onehot_encoder.sv	rtl
V262	vortex	d76b7f24e658867ab57e3942d7c648c3e6af072d	hw/rtl/libs/VX_onehot_mux.sv	V262__VX_onehot_mux.sv	rtl
V263	vortex	d76b7f24e658867ab57e3942d7c648c3e6af072d	hw/rtl/libs/VX_onehot_shift.sv	V263__VX_onehot_shift.sv	rtl
V264	vortex	d76b7f24e658867ab57e3942d7c648c3e6af072d	hw/rtl/libs/VX_pe_serializer.sv	V264__VX_pe_serializer.sv	rtl
V265	vortex	d76b7f24e658867ab57e3942d7c648c3e6af072d	hw/rtl/libs/VX_pending_size.sv	V265__VX_pending_size.sv	rtl
V266	vortex	d76b7f24e658867ab57e3942d7c648c3e6af072d	hw/rtl/libs/VX_pipe_buffer.sv	V266__VX_pipe_buffer.sv	rtl
V267	vortex	d76b7f24e658867ab57e3942d7c648c3e6af072d	hw/rtl/libs/VX_pipe_register.sv	V267__VX_pipe_register.sv	rtl
V268	vortex	d76b7f24e658867ab57e3942d7c648c3e6af072d	hw/rtl/libs/VX_placeholder.sv	V268__VX_placeholder.sv	rtl
V269	vortex	d76b7f24e658867ab57e3942d7c648c3e6af072d	hw/rtl/libs/VX_popcount.sv	V269__VX_popcount.sv	rtl
V270	vortex	d76b7f24e658867ab57e3942d7c648c3e6af072d	hw/rtl/libs/VX_priority_arbiter.sv	V270__VX_priority_arbiter.sv	rtl
V271	vortex	d76b7f24e658867ab57e3942d7c648c3e6af072d	hw/rtl/libs/VX_priority_encoder.sv	V271__VX_priority_encoder.sv	rtl
V272	vortex	d76b7f24e658867ab57e3942d7c648c3e6af072d	hw/rtl/libs/VX_reduce_tree.sv	V272__VX_reduce_tree.sv	rtl
V273	vortex	d76b7f24e658867ab57e3942d7c648c3e6af072d	hw/rtl/libs/VX_reset_relay.sv	V273__VX_reset_relay.sv	rtl
V274	vortex	d76b7f24e658867ab57e3942d7c648c3e6af072d	hw/rtl/libs/VX_rr_arbiter.sv	V274__VX_rr_arbiter.sv	rtl
V275	vortex	d76b7f24e658867ab57e3942d7c648c3e6af072d	hw/rtl/libs/VX_scan.sv	V275__VX_scan.sv	rtl
V276	vortex	d76b7f24e658867ab57e3942d7c648c3e6af072d	hw/rtl/libs/VX_scope_switch.sv	V276__VX_scope_switch.sv	rtl
V277	vortex	d76b7f24e658867ab57e3942d7c648c3e6af072d	hw/rtl/libs/VX_scope_tap.sv	V277__VX_scope_tap.sv	rtl
V278	vortex	d76b7f24e658867ab57e3942d7c648c3e6af072d	hw/rtl/libs/VX_serial_div.sv	V278__VX_serial_div.sv	rtl
V279	vortex	d76b7f24e658867ab57e3942d7c648c3e6af072d	hw/rtl/libs/VX_serial_mul.sv	V279__VX_serial_mul.sv	rtl
V280	vortex	d76b7f24e658867ab57e3942d7c648c3e6af072d	hw/rtl/libs/VX_shift_register.sv	V280__VX_shift_register.sv	rtl
V281	vortex	d76b7f24e658867ab57e3942d7c648c3e6af072d	hw/rtl/libs/VX_skid_buffer.sv	V281__VX_skid_buffer.sv	rtl
V282	vortex	d76b7f24e658867ab57e3942d7c648c3e6af072d	hw/rtl/libs/VX_sp_ram.sv	V282__VX_sp_ram.sv	rtl
V283	vortex	d76b7f24e658867ab57e3942d7c648c3e6af072d	hw/rtl/libs/VX_stream_arb.sv	V283__VX_stream_arb.sv	rtl
V284	vortex	d76b7f24e658867ab57e3942d7c648c3e6af072d	hw/rtl/libs/VX_stream_buffer.sv	V284__VX_stream_buffer.sv	rtl
V285	vortex	d76b7f24e658867ab57e3942d7c648c3e6af072d	hw/rtl/libs/VX_stream_dispatch.sv	V285__VX_stream_dispatch.sv	rtl
V286	vortex	d76b7f24e658867ab57e3942d7c648c3e6af072d	hw/rtl/libs/VX_stream_fork.sv	V286__VX_stream_fork.sv	rtl
V287	vortex	d76b7f24e658867ab57e3942d7c648c3e6af072d	hw/rtl/libs/VX_stream_join.sv	V287__VX_stream_join.sv	rtl
V288	vortex	d76b7f24e658867ab57e3942d7c648c3e6af072d	hw/rtl/libs/VX_stream_omega.sv	V288__VX_stream_omega.sv	rtl
V289	vortex	d76b7f24e658867ab57e3942d7c648c3e6af072d	hw/rtl/libs/VX_stream_pack.sv	V289__VX_stream_pack.sv	rtl
V290	vortex	d76b7f24e658867ab57e3942d7c648c3e6af072d	hw/rtl/libs/VX_stream_switch.sv	V290__VX_stream_switch.sv	rtl
V291	vortex	d76b7f24e658867ab57e3942d7c648c3e6af072d	hw/rtl/libs/VX_stream_unpack.sv	V291__VX_stream_unpack.sv	rtl
V292	vortex	d76b7f24e658867ab57e3942d7c648c3e6af072d	hw/rtl/libs/VX_stream_xbar.sv	V292__VX_stream_xbar.sv	rtl
V293	vortex	d76b7f24e658867ab57e3942d7c648c3e6af072d	hw/rtl/libs/VX_stream_xpoint.sv	V293__VX_stream_xpoint.sv	rtl
V294	vortex	d76b7f24e658867ab57e3942d7c648c3e6af072d	hw/rtl/libs/VX_ticket_lock.sv	V294__VX_ticket_lock.sv	rtl
V295	vortex	d76b7f24e658867ab57e3942d7c648c3e6af072d	hw/rtl/libs/VX_toggle_buffer.sv	V295__VX_toggle_buffer.sv	rtl
V296	vortex	d76b7f24e658867ab57e3942d7c648c3e6af072d	hw/rtl/libs/VX_transpose.sv	V296__VX_transpose.sv	rtl
V297	vortex	d76b7f24e658867ab57e3942d7c648c3e6af072d	hw/rtl/libs/VX_wallace_mul.sv	V297__VX_wallace_mul.sv	rtl
V298	vortex	d76b7f24e658867ab57e3942d7c648c3e6af072d	hw/rtl/mem/VX_gbar_arb.sv	V298__VX_gbar_arb.sv	rtl
V299	vortex	d76b7f24e658867ab57e3942d7c648c3e6af072d	hw/rtl/mem/VX_gbar_bus_if.sv	V299__VX_gbar_bus_if.sv	rtl
V300	vortex	d76b7f24e658867ab57e3942d7c648c3e6af072d	hw/rtl/mem/VX_gbar_unit.sv	V300__VX_gbar_unit.sv	rtl
V301	vortex	d76b7f24e658867ab57e3942d7c648c3e6af072d	hw/rtl/mem/VX_lmem_switch.sv	V301__VX_lmem_switch.sv	rtl
V302	vortex	d76b7f24e658867ab57e3942d7c648c3e6af072d	hw/rtl/mem/VX_local_mem.sv	V302__VX_local_mem.sv	rtl
V303	vortex	d76b7f24e658867ab57e3942d7c648c3e6af072d	hw/rtl/mem/VX_lsu_adapter.sv	V303__VX_lsu_adapter.sv	rtl
V304	vortex	d76b7f24e658867ab57e3942d7c648c3e6af072d	hw/rtl/mem/VX_lsu_mem_arb.sv	V304__VX_lsu_mem_arb.sv	rtl
V305	vortex	d76b7f24e658867ab57e3942d7c648c3e6af072d	hw/rtl/mem/VX_lsu_mem_if.sv	V305__VX_lsu_mem_if.sv	rtl
V306	vortex	d76b7f24e658867ab57e3942d7c648c3e6af072d	hw/rtl/mem/VX_mem_axi_arb.sv	V306__VX_mem_axi_arb.sv	rtl
V307	vortex	d76b7f24e658867ab57e3942d7c648c3e6af072d	hw/rtl/mem/VX_mem_axi_if.sv	V307__VX_mem_axi_if.sv	rtl
V308	vortex	d76b7f24e658867ab57e3942d7c648c3e6af072d	hw/rtl/mem/VX_mem_axi_slice.sv	V308__VX_mem_axi_slice.sv	rtl
V309	vortex	d76b7f24e658867ab57e3942d7c648c3e6af072d	hw/rtl/mem/VX_mem_axi_xbar.sv	V309__VX_mem_axi_xbar.sv	rtl
V310	vortex	d76b7f24e658867ab57e3942d7c648c3e6af072d	hw/rtl/mem/VX_mem_bus_arb.sv	V310__VX_mem_bus_arb.sv	rtl
V311	vortex	d76b7f24e658867ab57e3942d7c648c3e6af072d	hw/rtl/mem/VX_mem_bus_if.sv	V311__VX_mem_bus_if.sv	rtl
V312	vortex	d76b7f24e658867ab57e3942d7c648c3e6af072d	hw/rtl/mem/VX_mem_bus_slice.sv	V312__VX_mem_bus_slice.sv	rtl
V313	vortex	d76b7f24e658867ab57e3942d7c648c3e6af072d	hw/rtl/mem/VX_mem_bus_switch.sv	V313__VX_mem_bus_switch.sv	rtl
V314	vortex	d76b7f24e658867ab57e3942d7c648c3e6af072d	hw/rtl/mem/VX_mem_xbar.sv	V314__VX_mem_xbar.sv	rtl
V315	vortex	d76b7f24e658867ab57e3942d7c648c3e6af072d	hw/rtl/mem/VX_membus_from_axi.sv	V315__VX_membus_from_axi.sv	rtl
V316	vortex	d76b7f24e658867ab57e3942d7c648c3e6af072d	hw/rtl/mem/VX_membus_to_axi.sv	V316__VX_membus_to_axi.sv	rtl
V317	vortex	d76b7f24e658867ab57e3942d7c648c3e6af072d	hw/rtl/mem/VX_mmu.sv	V317__VX_mmu.sv	rtl
V318	vortex	d76b7f24e658867ab57e3942d7c648c3e6af072d	hw/rtl/mem/VX_mmu_ptw.sv	V318__VX_mmu_ptw.sv	rtl
V319	vortex	d76b7f24e658867ab57e3942d7c648c3e6af072d	hw/rtl/mem/VX_mmu_tlb.sv	V319__VX_mmu_tlb.sv	rtl
V320	vortex	d76b7f24e658867ab57e3942d7c648c3e6af072d	hw/rtl/om/VX_om_arb.sv	V320__VX_om_arb.sv	rtl
V321	vortex	d76b7f24e658867ab57e3942d7c648c3e6af072d	hw/rtl/om/VX_om_blend.sv	V321__VX_om_blend.sv	rtl
V322	vortex	d76b7f24e658867ab57e3942d7c648c3e6af072d	hw/rtl/om/VX_om_blend_func.sv	V322__VX_om_blend_func.sv	rtl
V323	vortex	d76b7f24e658867ab57e3942d7c648c3e6af072d	hw/rtl/om/VX_om_blend_minmax.sv	V323__VX_om_blend_minmax.sv	rtl
V324	vortex	d76b7f24e658867ab57e3942d7c648c3e6af072d	hw/rtl/om/VX_om_blend_multadd.sv	V324__VX_om_blend_multadd.sv	rtl
V325	vortex	d76b7f24e658867ab57e3942d7c648c3e6af072d	hw/rtl/om/VX_om_bus_if.sv	V325__VX_om_bus_if.sv	rtl
V326	vortex	d76b7f24e658867ab57e3942d7c648c3e6af072d	hw/rtl/om/VX_om_compare.sv	V326__VX_om_compare.sv	rtl
V327	vortex	d76b7f24e658867ab57e3942d7c648c3e6af072d	hw/rtl/om/VX_om_core.sv	V327__VX_om_core.sv	rtl
V328	vortex	d76b7f24e658867ab57e3942d7c648c3e6af072d	hw/rtl/om/VX_om_csr.sv	V328__VX_om_csr.sv	rtl
V329	vortex	d76b7f24e658867ab57e3942d7c648c3e6af072d	hw/rtl/om/VX_om_dcr.sv	V329__VX_om_dcr.sv	rtl
V330	vortex	d76b7f24e658867ab57e3942d7c648c3e6af072d	hw/rtl/om/VX_om_define.vh	V330__VX_om_define.vh	rtl
V331	vortex	d76b7f24e658867ab57e3942d7c648c3e6af072d	hw/rtl/om/VX_om_ds.sv	V331__VX_om_ds.sv	rtl
V332	vortex	d76b7f24e658867ab57e3942d7c648c3e6af072d	hw/rtl/om/VX_om_logic_op.sv	V332__VX_om_logic_op.sv	rtl
V333	vortex	d76b7f24e658867ab57e3942d7c648c3e6af072d	hw/rtl/om/VX_om_mem.sv	V333__VX_om_mem.sv	rtl
V334	vortex	d76b7f24e658867ab57e3942d7c648c3e6af072d	hw/rtl/om/VX_om_perf_if.sv	V334__VX_om_perf_if.sv	rtl
V335	vortex	d76b7f24e658867ab57e3942d7c648c3e6af072d	hw/rtl/om/VX_om_pkg.sv	V335__VX_om_pkg.sv	rtl
V336	vortex	d76b7f24e658867ab57e3942d7c648c3e6af072d	hw/rtl/om/VX_om_stencil_op.sv	V336__VX_om_stencil_op.sv	rtl
V337	vortex	d76b7f24e658867ab57e3942d7c648c3e6af072d	hw/rtl/om/VX_om_unit.sv	V337__VX_om_unit.sv	rtl
V338	vortex	d76b7f24e658867ab57e3942d7c648c3e6af072d	hw/rtl/raster/VX_raster_arb.sv	V338__VX_raster_arb.sv	rtl
V339	vortex	d76b7f24e658867ab57e3942d7c648c3e6af072d	hw/rtl/raster/VX_raster_be.sv	V339__VX_raster_be.sv	rtl
V340	vortex	d76b7f24e658867ab57e3942d7c648c3e6af072d	hw/rtl/raster/VX_raster_bus_if.sv	V340__VX_raster_bus_if.sv	rtl
V341	vortex	d76b7f24e658867ab57e3942d7c648c3e6af072d	hw/rtl/raster/VX_raster_core.sv	V341__VX_raster_core.sv	rtl
V342	vortex	d76b7f24e658867ab57e3942d7c648c3e6af072d	hw/rtl/raster/VX_raster_dcr.sv	V342__VX_raster_dcr.sv	rtl
V343	vortex	d76b7f24e658867ab57e3942d7c648c3e6af072d	hw/rtl/raster/VX_raster_define.vh	V343__VX_raster_define.vh	rtl
V344	vortex	d76b7f24e658867ab57e3942d7c648c3e6af072d	hw/rtl/raster/VX_raster_dispatch.sv	V344__VX_raster_dispatch.sv	rtl
V345	vortex	d76b7f24e658867ab57e3942d7c648c3e6af072d	hw/rtl/raster/VX_raster_earlyz.sv	V345__VX_raster_earlyz.sv	rtl
V346	vortex	d76b7f24e658867ab57e3942d7c648c3e6af072d	hw/rtl/raster/VX_raster_edge.sv	V346__VX_raster_edge.sv	rtl
V347	vortex	d76b7f24e658867ab57e3942d7c648c3e6af072d	hw/rtl/raster/VX_raster_extents.sv	V347__VX_raster_extents.sv	rtl
V348	vortex	d76b7f24e658867ab57e3942d7c648c3e6af072d	hw/rtl/raster/VX_raster_launch_fork.sv	V348__VX_raster_launch_fork.sv	rtl
V349	vortex	d76b7f24e658867ab57e3942d7c648c3e6af072d	hw/scripts/altera_ip_gen.sh	V349__altera_ip_gen.sh	rtl
V350	vortex	d76b7f24e658867ab57e3942d7c648c3e6af072d	hw/scripts/bin2coe.py	V350__bin2coe.py	rtl
V351	vortex	d76b7f24e658867ab57e3942d7c648c3e6af072d	hw/scripts/gen_sources.sh	V351__gen_sources.sh	rtl
V352	vortex	d76b7f24e658867ab57e3942d7c648c3e6af072d	hw/scripts/ila_insert.tcl	V352__ila_insert.tcl	rtl
V353	vortex	d76b7f24e658867ab57e3942d7c648c3e6af072d	hw/scripts/parse_vcs_list.tcl	V353__parse_vcs_list.tcl	rtl
V354	vortex	d76b7f24e658867ab57e3942d7c648c3e6af072d	hw/scripts/repl_params.py	V354__repl_params.py	rtl
V355	vortex	d76b7f24e658867ab57e3942d7c648c3e6af072d	hw/scripts/saif_filter.py	V355__saif_filter.py	rtl
V356	vortex	d76b7f24e658867ab57e3942d7c648c3e6af072d	hw/scripts/scope.py	V356__scope.py	rtl
V357	vortex	d76b7f24e658867ab57e3942d7c648c3e6af072d	hw/scripts/sv2v.sh	V357__sv2v.sh	rtl
V358	vortex	d76b7f24e658867ab57e3942d7c648c3e6af072d	hw/scripts/xilinx_async_bram_patch.tcl	V358__xilinx_async_bram_patch.tcl	rtl
V359	vortex	d76b7f24e658867ab57e3942d7c648c3e6af072d	hw/scripts/xilinx_export_netlist.tcl	V359__xilinx_export_netlist.tcl	rtl
V360	vortex	d76b7f24e658867ab57e3942d7c648c3e6af072d	hw/scripts/xilinx_ip_gen.tcl	V360__xilinx_ip_gen.tcl	rtl
V361	vortex	d76b7f24e658867ab57e3942d7c648c3e6af072d	hw/scripts/xilinx_power_analysis.tcl	V361__xilinx_power_analysis.tcl	rtl
V362	vortex	d76b7f24e658867ab57e3942d7c648c3e6af072d	hw/scripts/xilinx_slr_pblocks.tcl	V362__xilinx_slr_pblocks.tcl	rtl
V363	vortex	d76b7f24e658867ab57e3942d7c648c3e6af072d	hw/syn/common.mk	V363__common.mk	rtl
V364	vortex	d76b7f24e658867ab57e3942d7c648c3e6af072d	hw/syn/extensions.mk	V364__extensions.mk	rtl
V365	vortex	d76b7f24e658867ab57e3942d7c648c3e6af072d	hw/unittest/common.mk	V365__common.mk	rtl
V366	vortex	d76b7f24e658867ab57e3942d7c648c3e6af072d	sim/common.mk	V366__common.mk	simulation
V367	vortex	d76b7f24e658867ab57e3942d7c648c3e6af072d	sim/common/cmd_processor.cpp	V367__cmd_processor.cpp	simulation
V368	vortex	d76b7f24e658867ab57e3942d7c648c3e6af072d	sim/common/cmd_processor.h	V368__cmd_processor.h	simulation
V369	vortex	d76b7f24e658867ab57e3942d7c648c3e6af072d	sim/common/cout_drainer.cpp	V369__cout_drainer.cpp	simulation
V370	vortex	d76b7f24e658867ab57e3942d7c648c3e6af072d	sim/common/cout_drainer.h	V370__cout_drainer.h	simulation
V371	vortex	d76b7f24e658867ab57e3942d7c648c3e6af072d	sim/common/dram_sim.cpp	V371__dram_sim.cpp	simulation
V372	vortex	d76b7f24e658867ab57e3942d7c648c3e6af072d	sim/common/dram_sim.h	V372__dram_sim.h	simulation
V373	vortex	d76b7f24e658867ab57e3942d7c648c3e6af072d	sim/common/elf_loader.cpp	V373__elf_loader.cpp	simulation
V374	vortex	d76b7f24e658867ab57e3942d7c648c3e6af072d	sim/common/elf_loader.h	V374__elf_loader.h	simulation
V375	vortex	d76b7f24e658867ab57e3942d7c648c3e6af072d	sim/common/host_monitor.cpp	V375__host_monitor.cpp	simulation
V376	vortex	d76b7f24e658867ab57e3942d7c648c3e6af072d	sim/common/host_monitor.h	V376__host_monitor.h	simulation
V377	vortex	d76b7f24e658867ab57e3942d7c648c3e6af072d	sim/common/mem.cpp	V377__mem.cpp	simulation
V378	vortex	d76b7f24e658867ab57e3942d7c648c3e6af072d	sim/common/mem.h	V378__mem.h	simulation
V379	vortex	d76b7f24e658867ab57e3942d7c648c3e6af072d	sim/common/simobject.h	V379__simobject.h	simulation
V380	vortex	d76b7f24e658867ab57e3942d7c648c3e6af072d	sim/opaesim/fpga.cpp	V380__fpga.cpp	simulation
V381	vortex	d76b7f24e658867ab57e3942d7c648c3e6af072d	sim/opaesim/fpga.h	V381__fpga.h	simulation
V382	vortex	d76b7f24e658867ab57e3942d7c648c3e6af072d	sim/opaesim/opae_sim.cpp	V382__opae_sim.cpp	simulation
V383	vortex	d76b7f24e658867ab57e3942d7c648c3e6af072d	sim/opaesim/opae_sim.h	V383__opae_sim.h	simulation
V384	vortex	d76b7f24e658867ab57e3942d7c648c3e6af072d	sim/opaesim/vortex_afu_shim.sv	V384__vortex_afu_shim.sv	simulation
V385	vortex	d76b7f24e658867ab57e3942d7c648c3e6af072d	sim/rtlsim/main.cpp	V385__main.cpp	simulation
V386	vortex	d76b7f24e658867ab57e3942d7c648c3e6af072d	sim/rtlsim/processor.cpp	V386__processor.cpp	simulation
V387	vortex	d76b7f24e658867ab57e3942d7c648c3e6af072d	sim/rtlsim/processor.h	V387__processor.h	simulation
V388	vortex	d76b7f24e658867ab57e3942d7c648c3e6af072d	sim/rtlsim/rtlsim_shim.sv	V388__rtlsim_shim.sv	simulation
V389	vortex	d76b7f24e658867ab57e3942d7c648c3e6af072d	sim/simx/alu_unit.cpp	V389__alu_unit.cpp	simulation
V390	vortex	d76b7f24e658867ab57e3942d7c648c3e6af072d	sim/simx/alu_unit.h	V390__alu_unit.h	simulation
V391	vortex	d76b7f24e658867ab57e3942d7c648c3e6af072d	sim/simx/barrier_unit.cpp	V391__barrier_unit.cpp	simulation
V392	vortex	d76b7f24e658867ab57e3942d7c648c3e6af072d	sim/simx/barrier_unit.h	V392__barrier_unit.h	simulation
V393	vortex	d76b7f24e658867ab57e3942d7c648c3e6af072d	sim/simx/cluster.cpp	V393__cluster.cpp	simulation
V394	vortex	d76b7f24e658867ab57e3942d7c648c3e6af072d	sim/simx/cluster.h	V394__cluster.h	simulation
V395	vortex	d76b7f24e658867ab57e3942d7c648c3e6af072d	sim/simx/constants.h	V395__constants.h	simulation
V396	vortex	d76b7f24e658867ab57e3942d7c648c3e6af072d	sim/simx/core.cpp	V396__core.cpp	simulation
V397	vortex	d76b7f24e658867ab57e3942d7c648c3e6af072d	sim/simx/core.h	V397__core.h	simulation
V398	vortex	d76b7f24e658867ab57e3942d7c648c3e6af072d	sim/simx/csr_unit.cpp	V398__csr_unit.cpp	simulation
V399	vortex	d76b7f24e658867ab57e3942d7c648c3e6af072d	sim/simx/csr_unit.h	V399__csr_unit.h	simulation
V400	vortex	d76b7f24e658867ab57e3942d7c648c3e6af072d	sim/simx/cta_dispatcher.cpp	V400__cta_dispatcher.cpp	simulation
V401	vortex	d76b7f24e658867ab57e3942d7c648c3e6af072d	sim/simx/cta_dispatcher.h	V401__cta_dispatcher.h	simulation
V402	vortex	d76b7f24e658867ab57e3942d7c648c3e6af072d	sim/simx/debug.h	V402__debug.h	simulation
V403	vortex	d76b7f24e658867ab57e3942d7c648c3e6af072d	sim/simx/decode.cpp	V403__decode.cpp	simulation
V404	vortex	d76b7f24e658867ab57e3942d7c648c3e6af072d	sim/simx/decode.h	V404__decode.h	simulation
V405	vortex	d76b7f24e658867ab57e3942d7c648c3e6af072d	sim/simx/decompressor.cpp	V405__decompressor.cpp	simulation
V406	vortex	d76b7f24e658867ab57e3942d7c648c3e6af072d	sim/simx/decompressor.h	V406__decompressor.h	simulation
V407	vortex	d76b7f24e658867ab57e3942d7c648c3e6af072d	sim/simx/dispatcher.cpp	V407__dispatcher.cpp	simulation
V408	vortex	d76b7f24e658867ab57e3942d7c648c3e6af072d	sim/simx/dispatcher.h	V408__dispatcher.h	simulation
V409	vortex	d76b7f24e658867ab57e3942d7c648c3e6af072d	sim/simx/fpu_unit.cpp	V409__fpu_unit.cpp	simulation
V410	vortex	d76b7f24e658867ab57e3942d7c648c3e6af072d	sim/simx/fpu_unit.h	V410__fpu_unit.h	simulation
V411	vortex	d76b7f24e658867ab57e3942d7c648c3e6af072d	sim/simx/func_unit.h	V411__func_unit.h	simulation
V412	vortex	d76b7f24e658867ab57e3942d7c648c3e6af072d	sim/simx/gfx_doctrine.h	V412__gfx_doctrine.h	simulation
V413	vortex	d76b7f24e658867ab57e3942d7c648c3e6af072d	sim/simx/gfx_window.h	V413__gfx_window.h	simulation
V414	vortex	d76b7f24e658867ab57e3942d7c648c3e6af072d	sim/simx/instr.h	V414__instr.h	simulation
V415	vortex	d76b7f24e658867ab57e3942d7c648c3e6af072d	sim/simx/instr_trace.h	V415__instr_trace.h	simulation
V416	vortex	d76b7f24e658867ab57e3942d7c648c3e6af072d	sim/simx/lsu_unit.cpp	V416__lsu_unit.cpp	simulation
V417	vortex	d76b7f24e658867ab57e3942d7c648c3e6af072d	sim/simx/lsu_unit.h	V417__lsu_unit.h	simulation
V418	vortex	d76b7f24e658867ab57e3942d7c648c3e6af072d	sim/simx/main.cpp	V418__main.cpp	simulation
V419	vortex	d76b7f24e658867ab57e3942d7c648c3e6af072d	sim/simx/opc_unit.cpp	V419__opc_unit.cpp	simulation
V420	vortex	d76b7f24e658867ab57e3942d7c648c3e6af072d	sim/simx/opc_unit.h	V420__opc_unit.h	simulation
V421	vortex	d76b7f24e658867ab57e3942d7c648c3e6af072d	sim/simx/operands.cpp	V421__operands.cpp	simulation
V422	vortex	d76b7f24e658867ab57e3942d7c648c3e6af072d	sim/simx/operands.h	V422__operands.h	simulation
V423	vortex	d76b7f24e658867ab57e3942d7c648c3e6af072d	sim/simx/processor.cpp	V423__processor.cpp	simulation
V424	vortex	d76b7f24e658867ab57e3942d7c648c3e6af072d	sim/simx/processor.h	V424__processor.h	simulation
V425	vortex	d76b7f24e658867ab57e3942d7c648c3e6af072d	sim/simx/processor_impl.h	V425__processor_impl.h	simulation
V426	vortex	d76b7f24e658867ab57e3942d7c648c3e6af072d	sim/simx/scheduler.cpp	V426__scheduler.cpp	simulation
V427	vortex	d76b7f24e658867ab57e3942d7c648c3e6af072d	sim/simx/scheduler.h	V427__scheduler.h	simulation
V428	vortex	d76b7f24e658867ab57e3942d7c648c3e6af072d	sim/simx/scoreboard.cpp	V428__scoreboard.cpp	simulation
V429	vortex	d76b7f24e658867ab57e3942d7c648c3e6af072d	sim/simx/scoreboard.h	V429__scoreboard.h	simulation
V430	vortex	d76b7f24e658867ab57e3942d7c648c3e6af072d	sim/simx/sequencer.cpp	V430__sequencer.cpp	simulation
V431	vortex	d76b7f24e658867ab57e3942d7c648c3e6af072d	sim/simx/sequencer.h	V431__sequencer.h	simulation
V432	vortex	d76b7f24e658867ab57e3942d7c648c3e6af072d	sim/simx/sfu_unit.cpp	V432__sfu_unit.cpp	simulation
V433	vortex	d76b7f24e658867ab57e3942d7c648c3e6af072d	sim/simx/sfu_unit.h	V433__sfu_unit.h	simulation
V434	vortex	d76b7f24e658867ab57e3942d7c648c3e6af072d	sim/simx/socket.cpp	V434__socket.cpp	simulation
V435	vortex	d76b7f24e658867ab57e3942d7c648c3e6af072d	sim/simx/socket.h	V435__socket.h	simulation
V436	vortex	d76b7f24e658867ab57e3942d7c648c3e6af072d	sw/common/bitmanip.h	V436__bitmanip.h	software
V437	vortex	d76b7f24e658867ab57e3942d7c648c3e6af072d	sw/common/bitvector.h	V437__bitvector.h	software
V438	vortex	d76b7f24e658867ab57e3942d7c648c3e6af072d	sw/common/dxa_meta.h	V438__dxa_meta.h	software
V439	vortex	d76b7f24e658867ab57e3942d7c648c3e6af072d	sw/common/gfx_dcr.h	V439__gfx_dcr.h	software
V440	vortex	d76b7f24e658867ab57e3942d7c648c3e6af072d	sw/common/gfx_ff_model.cpp	V440__gfx_ff_model.cpp	software
V441	vortex	d76b7f24e658867ab57e3942d7c648c3e6af072d	sw/common/gfx_ff_model.h	V441__gfx_ff_model.h	software
V442	vortex	d76b7f24e658867ab57e3942d7c648c3e6af072d	sw/common/gfx_frag_rast.h	V442__gfx_frag_rast.h	software
V443	vortex	d76b7f24e658867ab57e3942d7c648c3e6af072d	sw/common/gfx_frag_tex.h	V443__gfx_frag_tex.h	software
V444	vortex	d76b7f24e658867ab57e3942d7c648c3e6af072d	sw/common/gfx_frontend_abi.h	V444__gfx_frontend_abi.h	software
V445	vortex	d76b7f24e658867ab57e3942d7c648c3e6af072d	sw/common/gfx_fs_desc_abi.h	V445__gfx_fs_desc_abi.h	software
V446	vortex	d76b7f24e658867ab57e3942d7c648c3e6af072d	sw/common/gfx_setup.h	V446__gfx_setup.h	software
V447	vortex	d76b7f24e658867ab57e3942d7c648c3e6af072d	sw/common/gfx_sw.h	V447__gfx_sw.h	software
V448	vortex	d76b7f24e658867ab57e3942d7c648c3e6af072d	sw/common/gfx_sw_abi.h	V448__gfx_sw_abi.h	software
V449	vortex	d76b7f24e658867ab57e3942d7c648c3e6af072d	sw/common/gfx_tex_const.h	V449__gfx_tex_const.h	software
V450	vortex	d76b7f24e658867ab57e3942d7c648c3e6af072d	sw/common/linked_list.h	V450__linked_list.h	software
V451	vortex	d76b7f24e658867ab57e3942d7c648c3e6af072d	sw/common/mem_alloc.h	V451__mem_alloc.h	software
V452	vortex	d76b7f24e658867ab57e3942d7c648c3e6af072d	sw/common/mempool.h	V452__mempool.h	software
V453	vortex	d76b7f24e658867ab57e3942d7c648c3e6af072d	sw/common/mp_macros.h	V453__mp_macros.h	software
V454	vortex	d76b7f24e658867ab57e3942d7c648c3e6af072d	sw/common/ringqueue.h	V454__ringqueue.h	software
V455	vortex	d76b7f24e658867ab57e3942d7c648c3e6af072d	sw/common/rtu_cfg.h	V455__rtu_cfg.h	software
V456	vortex	d76b7f24e658867ab57e3942d7c648c3e6af072d	sw/common/rvfloats.cpp	V456__rvfloats.cpp	software
V457	vortex	d76b7f24e658867ab57e3942d7c648c3e6af072d	sw/common/rvfloats.h	V457__rvfloats.h	software
V458	vortex	d76b7f24e658867ab57e3942d7c648c3e6af072d	sw/common/smallfunc.h	V458__smallfunc.h	software
V459	vortex	d76b7f24e658867ab57e3942d7c648c3e6af072d	sw/common/softfloat_ext.cpp	V459__softfloat_ext.cpp	software
V460	vortex	d76b7f24e658867ab57e3942d7c648c3e6af072d	sw/common/softfloat_ext.h	V460__softfloat_ext.h	software
V461	vortex	d76b7f24e658867ab57e3942d7c648c3e6af072d	sw/common/stringutil.h	V461__stringutil.h	software
V462	vortex	d76b7f24e658867ab57e3942d7c648c3e6af072d	sw/common/tensor_cfg.h	V462__tensor_cfg.h	software
V463	vortex	d76b7f24e658867ab57e3942d7c648c3e6af072d	sw/common/util.cpp	V463__util.cpp	software
V464	vortex	d76b7f24e658867ab57e3942d7c648c3e6af072d	sw/common/util.h	V464__util.h	software
V465	vortex	d76b7f24e658867ab57e3942d7c648c3e6af072d	sw/common/vm_types.h	V465__vm_types.h	software
V466	vortex	d76b7f24e658867ab57e3942d7c648c3e6af072d	sw/common/vx_gfx_abi.h	V466__vx_gfx_abi.h	software
V467	vortex	d76b7f24e658867ab57e3942d7c648c3e6af072d	sw/common/vx_tex_lod.h	V467__vx_tex_lod.h	software
V468	vortex	d76b7f24e658867ab57e3942d7c648c3e6af072d	sw/gfx/gfx_frontend_k.h	V468__gfx_frontend_k.h	software
V469	vortex	d76b7f24e658867ab57e3942d7c648c3e6af072d	sw/gfx/gfx_sw_abi.cpp	V469__gfx_sw_abi.cpp	software
V470	vortex	d76b7f24e658867ab57e3942d7c648c3e6af072d	sw/gfx/libgfx_sw.mk	V470__libgfx_sw.mk	software
V471	vortex	d76b7f24e658867ab57e3942d7c648c3e6af072d	sw/kernel/include/vx_barrier.h	V471__vx_barrier.h	software
V472	vortex	d76b7f24e658867ab57e3942d7c648c3e6af072d	sw/kernel/include/vx_dxa.h	V472__vx_dxa.h	software
V473	vortex	d76b7f24e658867ab57e3942d7c648c3e6af072d	sw/kernel/include/vx_gfx_window.h	V473__vx_gfx_window.h	software
V474	vortex	d76b7f24e658867ab57e3942d7c648c3e6af072d	sw/kernel/include/vx_graphics.h	V474__vx_graphics.h	software
V475	vortex	d76b7f24e658867ab57e3942d7c648c3e6af072d	sw/kernel/include/vx_print.h	V475__vx_print.h	software
V476	vortex	d76b7f24e658867ab57e3942d7c648c3e6af072d	sw/kernel/include/vx_raytrace.h	V476__vx_raytrace.h	software
V477	vortex	d76b7f24e658867ab57e3942d7c648c3e6af072d	sw/kernel/include/vx_spawn2.h	V477__vx_spawn2.h	software
V478	vortex	d76b7f24e658867ab57e3942d7c648c3e6af072d	sw/kernel/include/vx_tensor.h	V478__vx_tensor.h	software
V479	vortex	d76b7f24e658867ab57e3942d7c648c3e6af072d	sw/kernel/scripts/kernel_startup.sh	V479__kernel_startup.sh	software
V480	vortex	d76b7f24e658867ab57e3942d7c648c3e6af072d	sw/kernel/scripts/vxbin.py	V480__vxbin.py	software
V481	vortex	d76b7f24e658867ab57e3942d7c648c3e6af072d	sw/kernel/src/common.h	V481__common.h	software
V482	vortex	d76b7f24e658867ab57e3942d7c648c3e6af072d	sw/kernel/src/tinyprintf.h	V482__tinyprintf.h	software
V483	vortex	d76b7f24e658867ab57e3942d7c648c3e6af072d	sw/kernel/src/vx_print.S	V483__vx_print.S	software
V484	vortex	d76b7f24e658867ab57e3942d7c648c3e6af072d	sw/kernel/src/vx_print.c	V484__vx_print.c	software
V485	vortex	d76b7f24e658867ab57e3942d7c648c3e6af072d	sw/kernel/src/vx_serial.S	V485__vx_serial.S	software
V486	vortex	d76b7f24e658867ab57e3942d7c648c3e6af072d	sw/kernel/src/vx_spawn.c	V486__vx_spawn.c	software
V487	vortex	d76b7f24e658867ab57e3942d7c648c3e6af072d	sw/kernel/src/vx_start.S	V487__vx_start.S	software
V488	vortex	d76b7f24e658867ab57e3942d7c648c3e6af072d	sw/kernel/src/vx_syscalls.c	V488__vx_syscalls.c	software
V489	vortex	d76b7f24e658867ab57e3942d7c648c3e6af072d	sw/runtime/common.mk	V489__common.mk	software
V490	vortex	d76b7f24e658867ab57e3942d7c648c3e6af072d	sw/runtime/common/callbacks.h	V490__callbacks.h	software
V491	vortex	d76b7f24e658867ab57e3942d7c648c3e6af072d	sw/runtime/common/caps.h	V491__caps.h	software
V492	vortex	d76b7f24e658867ab57e3942d7c648c3e6af072d	sw/runtime/common/common.h	V492__common.h	software
V493	vortex	d76b7f24e658867ab57e3942d7c648c3e6af072d	sw/runtime/common/dispatcher.h	V493__dispatcher.h	software
V494	vortex	d76b7f24e658867ab57e3942d7c648c3e6af072d	sw/runtime/common/event.cpp	V494__event.cpp	software
V495	vortex	d76b7f24e658867ab57e3942d7c648c3e6af072d	sw/runtime/common/graphics.cpp	V495__graphics.cpp	software
V496	vortex	d76b7f24e658867ab57e3942d7c648c3e6af072d	sw/runtime/common/legacy_runtime.cpp	V496__legacy_runtime.cpp	software
V497	vortex	d76b7f24e658867ab57e3942d7c648c3e6af072d	sw/runtime/common/legacy_utils.cpp	V497__legacy_utils.cpp	software
V498	vortex	d76b7f24e658867ab57e3942d7c648c3e6af072d	sw/runtime/common/module.cpp	V498__module.cpp	software
V499	vortex	d76b7f24e658867ab57e3942d7c648c3e6af072d	sw/runtime/common/nlohmann_json.hpp	V499__nlohmann_json.hpp	software
V500	vortex	d76b7f24e658867ab57e3942d7c648c3e6af072d	sw/runtime/common/perf.cpp	V500__perf.cpp	software
V501	vortex	d76b7f24e658867ab57e3942d7c648c3e6af072d	sw/runtime/common/queue.cpp	V501__queue.cpp	software
V502	vortex	d76b7f24e658867ab57e3942d7c648c3e6af072d	sw/runtime/common/result.cpp	V502__result.cpp	software
V503	vortex	d76b7f24e658867ab57e3942d7c648c3e6af072d	sw/runtime/common/runtime_helpers.cpp	V503__runtime_helpers.cpp	software
V504	vortex	d76b7f24e658867ab57e3942d7c648c3e6af072d	sw/runtime/common/scope.cpp	V504__scope.cpp	software
V505	vortex	d76b7f24e658867ab57e3942d7c648c3e6af072d	sw/runtime/common/scope.h	V505__scope.h	software
V506	vortex	d76b7f24e658867ab57e3942d7c648c3e6af072d	sw/runtime/common/utils.cpp	V506__utils.cpp	software
V507	vortex	d76b7f24e658867ab57e3942d7c648c3e6af072d	sw/runtime/common/vm.h	V507__vm.h	software
V508	vortex	d76b7f24e658867ab57e3942d7c648c3e6af072d	tests/graphics/common.mk	V508__common.mk	test
V509	vortex	d76b7f24e658867ab57e3942d7c648c3e6af072d	tests/graphics/common/test_setup_dims.h	V509__test_setup_dims.h	test
V510	vortex	d76b7f24e658867ab57e3942d7c648c3e6af072d	tests/graphics/gfx_draw3d/common.h	V510__common.h	test
V511	vortex	d76b7f24e658867ab57e3942d7c648c3e6af072d	tests/graphics/gfx_draw3d/gpu_sw.h	V511__gpu_sw.h	test
V512	vortex	d76b7f24e658867ab57e3942d7c648c3e6af072d	tests/graphics/gfx_draw3d/kernel.cpp	V512__kernel.cpp	test
V513	vortex	d76b7f24e658867ab57e3942d7c648c3e6af072d	tests/graphics/gfx_om/common.h	V513__common.h	test
V514	vortex	d76b7f24e658867ab57e3942d7c648c3e6af072d	tests/graphics/gfx_om/kernel.cpp	V514__kernel.cpp	test
V515	vortex	d76b7f24e658867ab57e3942d7c648c3e6af072d	tests/graphics/gfx_om/main.cpp	V515__main.cpp	test
V516	vortex	d76b7f24e658867ab57e3942d7c648c3e6af072d	tests/graphics/gfx_pipeline_om/common.h	V516__common.h	test
V517	vortex	d76b7f24e658867ab57e3942d7c648c3e6af072d	tests/graphics/gfx_pipeline_om/kernel.cpp	V517__kernel.cpp	test
V518	vortex	d76b7f24e658867ab57e3942d7c648c3e6af072d	tests/graphics/gfx_pipeline_om/main.cpp	V518__main.cpp	test
V519	vortex	d76b7f24e658867ab57e3942d7c648c3e6af072d	tests/graphics/gfx_pipeline_raster/common.h	V519__common.h	test
V520	vortex	d76b7f24e658867ab57e3942d7c648c3e6af072d	tests/graphics/gfx_pipeline_raster/kernel.cpp	V520__kernel.cpp	test
V521	vortex	d76b7f24e658867ab57e3942d7c648c3e6af072d	tests/graphics/gfx_pipeline_raster/main.cpp	V521__main.cpp	test
V522	vortex	d76b7f24e658867ab57e3942d7c648c3e6af072d	tests/graphics/gfx_pipeline_tex/common.h	V522__common.h	test
V523	vortex	d76b7f24e658867ab57e3942d7c648c3e6af072d	tests/graphics/gfx_pipeline_tex/kernel.cpp	V523__kernel.cpp	test
V524	vortex	d76b7f24e658867ab57e3942d7c648c3e6af072d	tests/graphics/gfx_pipeline_tex/main.cpp	V524__main.cpp	test
V525	vortex	d76b7f24e658867ab57e3942d7c648c3e6af072d	tests/graphics/gfx_raster/common.h	V525__common.h	test
V526	vortex	d76b7f24e658867ab57e3942d7c648c3e6af072d	tests/graphics/gfx_raster/kernel.cpp	V526__kernel.cpp	test
V527	vortex	d76b7f24e658867ab57e3942d7c648c3e6af072d	tests/graphics/gfx_raster/main.cpp	V527__main.cpp	test
V528	vortex	d76b7f24e658867ab57e3942d7c648c3e6af072d	tests/graphics/gfx_tex/common.h	V528__common.h	test
V529	vortex	d76b7f24e658867ab57e3942d7c648c3e6af072d	tests/graphics/gfx_tex/kernel.cpp	V529__kernel.cpp	test
V530	vortex	d76b7f24e658867ab57e3942d7c648c3e6af072d	tests/graphics/gfx_tex/main.cpp	V530__main.cpp	test
V531	vortex	d76b7f24e658867ab57e3942d7c648c3e6af072d	tests/graphics/gfx_tex4/common.h	V531__common.h	test
V532	vortex	d76b7f24e658867ab57e3942d7c648c3e6af072d	tests/graphics/gfx_tex4/kernel.cpp	V532__kernel.cpp	test
V533	vortex	d76b7f24e658867ab57e3942d7c648c3e6af072d	tests/graphics/gfx_tex4/main.cpp	V533__main.cpp	test
V534	vortex	d76b7f24e658867ab57e3942d7c648c3e6af072d	tests/graphics/gfx_tex4q/common.h	V534__common.h	test
V535	vortex	d76b7f24e658867ab57e3942d7c648c3e6af072d	tests/graphics/gfx_tex4q/kernel.cpp	V535__kernel.cpp	test
V536	vortex	d76b7f24e658867ab57e3942d7c648c3e6af072d	tests/graphics/gfx_tex4q/main.cpp	V536__main.cpp	test
V537	vortex	d76b7f24e658867ab57e3942d7c648c3e6af072d	tests/hip/atomicreduce/common.h	V537__common.h	test
V538	vortex	d76b7f24e658867ab57e3942d7c648c3e6af072d	tests/hip/common.mk	V538__common.mk	test
V539	vortex	d76b7f24e658867ab57e3942d7c648c3e6af072d	tests/hip/histogram/common.h	V539__common.h	test
V540	vortex	d76b7f24e658867ab57e3942d7c648c3e6af072d	tests/hip/sgemm/common.h	V540__common.h	test
V541	vortex	d76b7f24e658867ab57e3942d7c648c3e6af072d	tests/hip/vecadd/common.h	V541__common.h	test
V542	vortex	d76b7f24e658867ab57e3942d7c648c3e6af072d	tests/kernel/common.mk	V542__common.mk	test
V543	vortex	d76b7f24e658867ab57e3942d7c648c3e6af072d	tests/kernel/conform/main.cpp	V543__main.cpp	test
V544	vortex	d76b7f24e658867ab57e3942d7c648c3e6af072d	tests/kernel/conform/tests.cpp	V544__tests.cpp	test
V545	vortex	d76b7f24e658867ab57e3942d7c648c3e6af072d	tests/kernel/conform/tests.h	V545__tests.h	test
V546	vortex	d76b7f24e658867ab57e3942d7c648c3e6af072d	tests/kernel/fibonacci/main.cpp	V546__main.cpp	test
V547	vortex	d76b7f24e658867ab57e3942d7c648c3e6af072d	tests/mpi/common.mk	V547__common.mk	test
V548	vortex	d76b7f24e658867ab57e3942d7c648c3e6af072d	tests/mpi/mpi_blocked_sgemm/common.h	V548__common.h	test
V549	vortex	d76b7f24e658867ab57e3942d7c648c3e6af072d	tests/mpi/mpi_blocked_sgemm/kernel.cpp	V549__kernel.cpp	test
V550	vortex	d76b7f24e658867ab57e3942d7c648c3e6af072d	tests/mpi/mpi_blocked_sgemm/main.cpp	V550__main.cpp	test
V551	vortex	d76b7f24e658867ab57e3942d7c648c3e6af072d	tests/mpi/mpi_conv3/common.h	V551__common.h	test
V552	vortex	d76b7f24e658867ab57e3942d7c648c3e6af072d	tests/mpi/mpi_conv3/kernel.cpp	V552__kernel.cpp	test
V553	vortex	d76b7f24e658867ab57e3942d7c648c3e6af072d	tests/mpi/mpi_conv3/main.cpp	V553__main.cpp	test
V554	vortex	d76b7f24e658867ab57e3942d7c648c3e6af072d	tests/mpi/mpi_diverge/common.h	V554__common.h	test
V555	vortex	d76b7f24e658867ab57e3942d7c648c3e6af072d	tests/mpi/mpi_diverge/kernel.cpp	V555__kernel.cpp	test
V556	vortex	d76b7f24e658867ab57e3942d7c648c3e6af072d	tests/mpi/mpi_diverge/main.cpp	V556__main.cpp	test
V557	vortex	d76b7f24e658867ab57e3942d7c648c3e6af072d	tests/mpi/mpi_dotproduct/common.h	V557__common.h	test
V558	vortex	d76b7f24e658867ab57e3942d7c648c3e6af072d	tests/mpi/mpi_dotproduct/kernel.cpp	V558__kernel.cpp	test
V559	vortex	d76b7f24e658867ab57e3942d7c648c3e6af072d	tests/mpi/mpi_dotproduct/main.cpp	V559__main.cpp	test
V560	vortex	d76b7f24e658867ab57e3942d7c648c3e6af072d	tests/mpi/mpi_neighbor_a2a_conv3/common.h	V560__common.h	test
V561	vortex	d76b7f24e658867ab57e3942d7c648c3e6af072d	tests/mpi/mpi_neighbor_a2a_conv3/kernel.cpp	V561__kernel.cpp	test
V562	vortex	d76b7f24e658867ab57e3942d7c648c3e6af072d	tests/mpi/mpi_neighbor_a2a_conv3/main.cpp	V562__main.cpp	test
V563	vortex	d76b7f24e658867ab57e3942d7c648c3e6af072d	tests/mpi/mpi_put_dotproduct/common.h	V563__common.h	test
V564	vortex	d76b7f24e658867ab57e3942d7c648c3e6af072d	tests/mpi/mpi_put_dotproduct/kernel.cpp	V564__kernel.cpp	test
V565	vortex	d76b7f24e658867ab57e3942d7c648c3e6af072d	tests/mpi/mpi_put_dotproduct/main.cpp	V565__main.cpp	test
V566	vortex	d76b7f24e658867ab57e3942d7c648c3e6af072d	tests/mpi/mpi_sgemm/common.h	V566__common.h	test
V567	vortex	d76b7f24e658867ab57e3942d7c648c3e6af072d	tests/mpi/mpi_sgemm/kernel.cpp	V567__kernel.cpp	test
V568	vortex	d76b7f24e658867ab57e3942d7c648c3e6af072d	tests/mpi/mpi_sgemm/main.cpp	V568__main.cpp	test
V569	vortex	d76b7f24e658867ab57e3942d7c648c3e6af072d	tests/mpi/mpi_vecadd/README.md	V569__README.md	test
V570	vortex	d76b7f24e658867ab57e3942d7c648c3e6af072d	tests/mpi/mpi_vecadd/common.h	V570__common.h	test
V571	vortex	d76b7f24e658867ab57e3942d7c648c3e6af072d	tests/mpi/mpi_vecadd/kernel.cpp	V571__kernel.cpp	test
V572	vortex	d76b7f24e658867ab57e3942d7c648c3e6af072d	tests/mpi/mpi_vecadd/main.cpp	V572__main.cpp	test
V573	vortex	d76b7f24e658867ab57e3942d7c648c3e6af072d	tests/opencl/atomicreduce/common.h	V573__common.h	test
V574	vortex	d76b7f24e658867ab57e3942d7c648c3e6af072d	tests/opencl/atomicreduce/main.cc	V574__main.cc	test
V575	vortex	d76b7f24e658867ab57e3942d7c648c3e6af072d	tests/opencl/backprop/main.cc	V575__main.cc	test
V576	vortex	d76b7f24e658867ab57e3942d7c648c3e6af072d	tests/opencl/bfs/CLHelper.h	V576__CLHelper.h	test
V577	vortex	d76b7f24e658867ab57e3942d7c648c3e6af072d	tests/opencl/bfs/graph32.txt	V577__graph32.txt	test
V578	vortex	d76b7f24e658867ab57e3942d7c648c3e6af072d	tests/opencl/bfs/graph4096.txt	V578__graph4096.txt	test
V579	vortex	d76b7f24e658867ab57e3942d7c648c3e6af072d	tests/opencl/bfs/graph4k.txt	V579__graph4k.txt	test
V580	vortex	d76b7f24e658867ab57e3942d7c648c3e6af072d	tests/opencl/bfs/main.cc	V580__main.cc	test
V581	vortex	d76b7f24e658867ab57e3942d7c648c3e6af072d	tests/opencl/bfs/timer.cc	V581__timer.cc	test
V582	vortex	d76b7f24e658867ab57e3942d7c648c3e6af072d	tests/opencl/bfs/timer.h	V582__timer.h	test
V583	vortex	d76b7f24e658867ab57e3942d7c648c3e6af072d	tests/opencl/bfs/util.h	V583__util.h	test
V584	vortex	d76b7f24e658867ab57e3942d7c648c3e6af072d	tests/opencl/blackscholes/cmd_arg_reader.cpp	V584__cmd_arg_reader.cpp	test
V585	vortex	d76b7f24e658867ab57e3942d7c648c3e6af072d	tests/opencl/blackscholes/cmd_arg_reader.h	V585__cmd_arg_reader.h	test
V586	vortex	d76b7f24e658867ab57e3942d7c648c3e6af072d	tests/opencl/blackscholes/exception.h	V586__exception.h	test
V587	vortex	d76b7f24e658867ab57e3942d7c648c3e6af072d	tests/opencl/blackscholes/main.cc	V587__main.cc	test
V588	vortex	d76b7f24e658867ab57e3942d7c648c3e6af072d	tests/opencl/blackscholes/oclBlackScholes_common.h	V588__oclBlackScholes_common.h	test
V589	vortex	d76b7f24e658867ab57e3942d7c648c3e6af072d	tests/opencl/blackscholes/oclBlackScholes_gold.cpp	V589__oclBlackScholes_gold.cpp	test
V590	vortex	d76b7f24e658867ab57e3942d7c648c3e6af072d	tests/opencl/blackscholes/oclBlackScholes_launcher.cpp	V590__oclBlackScholes_launcher.cpp	test
V591	vortex	d76b7f24e658867ab57e3942d7c648c3e6af072d	tests/opencl/blackscholes/oclUtils.cpp	V591__oclUtils.cpp	test
V592	vortex	d76b7f24e658867ab57e3942d7c648c3e6af072d	tests/opencl/blackscholes/oclUtils.h	V592__oclUtils.h	test
V593	vortex	d76b7f24e658867ab57e3942d7c648c3e6af072d	tests/opencl/blackscholes/shrQATest.h	V593__shrQATest.h	test
V594	vortex	d76b7f24e658867ab57e3942d7c648c3e6af072d	tests/opencl/blackscholes/shrUtils.cpp	V594__shrUtils.cpp	test
V595	vortex	d76b7f24e658867ab57e3942d7c648c3e6af072d	tests/opencl/blackscholes/shrUtils.h	V595__shrUtils.h	test
V596	vortex	d76b7f24e658867ab57e3942d7c648c3e6af072d	tests/opencl/btree/main.cc	V596__main.cc	test
V597	vortex	d76b7f24e658867ab57e3942d7c648c3e6af072d	tests/opencl/cfd/main.cc	V597__main.cc	test
V598	vortex	d76b7f24e658867ab57e3942d7c648c3e6af072d	tests/opencl/common.mk	V598__common.mk	test
V599	vortex	d76b7f24e658867ab57e3942d7c648c3e6af072d	tests/opencl/conv3/main.cc	V599__main.cc	test
V600	vortex	d76b7f24e658867ab57e3942d7c648c3e6af072d	tests/opencl/copybuf/main.cc	V600__main.cc	test
V601	vortex	d76b7f24e658867ab57e3942d7c648c3e6af072d	tests/opencl/dotproduct/cmd_arg_reader.cpp	V601__cmd_arg_reader.cpp	test
V602	vortex	d76b7f24e658867ab57e3942d7c648c3e6af072d	tests/opencl/dotproduct/cmd_arg_reader.h	V602__cmd_arg_reader.h	test
V603	vortex	d76b7f24e658867ab57e3942d7c648c3e6af072d	tests/opencl/dotproduct/exception.h	V603__exception.h	test
V604	vortex	d76b7f24e658867ab57e3942d7c648c3e6af072d	tests/opencl/dotproduct/main.cc	V604__main.cc	test
V605	vortex	d76b7f24e658867ab57e3942d7c648c3e6af072d	tests/opencl/dotproduct/oclUtils.cpp	V605__oclUtils.cpp	test
V606	vortex	d76b7f24e658867ab57e3942d7c648c3e6af072d	tests/opencl/dotproduct/oclUtils.h	V606__oclUtils.h	test
V607	vortex	d76b7f24e658867ab57e3942d7c648c3e6af072d	tests/opencl/dotproduct/shrQATest.h	V607__shrQATest.h	test
V608	vortex	d76b7f24e658867ab57e3942d7c648c3e6af072d	tests/opencl/dotproduct/shrUtils.cpp	V608__shrUtils.cpp	test
V609	vortex	d76b7f24e658867ab57e3942d7c648c3e6af072d	tests/opencl/dotproduct/shrUtils.h	V609__shrUtils.h	test
V610	vortex	d76b7f24e658867ab57e3942d7c648c3e6af072d	tests/opencl/dwt2d/main.cc	V610__main.cc	test
V611	vortex	d76b7f24e658867ab57e3942d7c648c3e6af072d	tests/opencl/guassian/OriginalParallel.c	V611__OriginalParallel.c	test
V612	vortex	d76b7f24e658867ab57e3942d7c648c3e6af072d	tests/opencl/guassian/README.txt	V612__README.txt	test
V613	vortex	d76b7f24e658867ab57e3942d7c648c3e6af072d	tests/opencl/guassian/clutils.cpp	V613__clutils.cpp	test
V614	vortex	d76b7f24e658867ab57e3942d7c648c3e6af072d	tests/opencl/guassian/clutils.h	V614__clutils.h	test
V615	vortex	d76b7f24e658867ab57e3942d7c648c3e6af072d	tests/opencl/guassian/gaussianElim.h	V615__gaussianElim.h	test
V616	vortex	d76b7f24e658867ab57e3942d7c648c3e6af072d	tests/opencl/guassian/gettimeofday.cpp	V616__gettimeofday.cpp	test
V617	vortex	d76b7f24e658867ab57e3942d7c648c3e6af072d	tests/opencl/guassian/gettimeofday.h	V617__gettimeofday.h	test
V618	vortex	d76b7f24e658867ab57e3942d7c648c3e6af072d	tests/opencl/guassian/main.cc	V618__main.cc	test
V619	vortex	d76b7f24e658867ab57e3942d7c648c3e6af072d	tests/opencl/guassian/matrix4.txt	V619__matrix4.txt	test
V620	vortex	d76b7f24e658867ab57e3942d7c648c3e6af072d	tests/opencl/guassian/utils.cpp	V620__utils.cpp	test
V621	vortex	d76b7f24e658867ab57e3942d7c648c3e6af072d	tests/opencl/guassian/utils.h	V621__utils.h	test
V622	vortex	d76b7f24e658867ab57e3942d7c648c3e6af072d	tests/opencl/heartwall/main.cc	V622__main.cc	test
V623	vortex	d76b7f24e658867ab57e3942d7c648c3e6af072d	tests/opencl/histogram/common.h	V623__common.h	test
V624	vortex	d76b7f24e658867ab57e3942d7c648c3e6af072d	tests/opencl/histogram/main.cc	V624__main.cc	test
V625	vortex	d76b7f24e658867ab57e3942d7c648c3e6af072d	tests/opencl/hotspot/main.cc	V625__main.cc	test
V626	vortex	d76b7f24e658867ab57e3942d7c648c3e6af072d	tests/opencl/hotspot3D/main.cc	V626__main.cc	test
V627	vortex	d76b7f24e658867ab57e3942d7c648c3e6af072d	tests/opencl/hybridsort/main.cc	V627__main.cc	test
V628	vortex	d76b7f24e658867ab57e3942d7c648c3e6af072d	tests/opencl/image_copy/main.cc	V628__main.cc	test
V629	vortex	d76b7f24e658867ab57e3942d7c648c3e6af072d	tests/opencl/image_ff/main.cc	V629__main.cc	test
V630	vortex	d76b7f24e658867ab57e3942d7c648c3e6af072d	tests/opencl/image_ff_bgra/main.cc	V630__main.cc	test
V631	vortex	d76b7f24e658867ab57e3942d7c648c3e6af072d	tests/opencl/image_ff_linear/main.cc	V631__main.cc	test
V632	vortex	d76b7f24e658867ab57e3942d7c648c3e6af072d	tests/opencl/image_get/main.cc	V632__main.cc	test
V633	vortex	d76b7f24e658867ab57e3942d7c648c3e6af072d	tests/opencl/image_hwsw/main.cc	V633__main.cc	test
V634	vortex	d76b7f24e658867ab57e3942d7c648c3e6af072d	tests/opencl/image_int/main.cc	V634__main.cc	test
V635	vortex	d76b7f24e658867ab57e3942d7c648c3e6af072d	tests/opencl/image_linear/main.cc	V635__main.cc	test
V636	vortex	d76b7f24e658867ab57e3942d7c648c3e6af072d	tests/opencl/kmeans/cluster.c	V636__cluster.c	test
V637	vortex	d76b7f24e658867ab57e3942d7c648c3e6af072d	tests/opencl/kmeans/getopt.c	V637__getopt.c	test
V638	vortex	d76b7f24e658867ab57e3942d7c648c3e6af072d	tests/opencl/kmeans/getopt.h	V638__getopt.h	test
V639	vortex	d76b7f24e658867ab57e3942d7c648c3e6af072d	tests/opencl/kmeans/kmeans.h	V639__kmeans.h	test
V640	vortex	d76b7f24e658867ab57e3942d7c648c3e6af072d	tests/opencl/kmeans/kmeans_clustering.c	V640__kmeans_clustering.c	test
V641	vortex	d76b7f24e658867ab57e3942d7c648c3e6af072d	tests/opencl/kmeans/main.cc	V641__main.cc	test
V642	vortex	d76b7f24e658867ab57e3942d7c648c3e6af072d	tests/opencl/kmeans/read_input.c	V642__read_input.c	test
V643	vortex	d76b7f24e658867ab57e3942d7c648c3e6af072d	tests/opencl/kmeans/rmse.c	V643__rmse.c	test
V644	vortex	d76b7f24e658867ab57e3942d7c648c3e6af072d	tests/opencl/lavaMD/main.cc	V644__main.cc	test
V645	vortex	d76b7f24e658867ab57e3942d7c648c3e6af072d	tests/opencl/lbm/args.c	V645__args.c	test
V646	vortex	d76b7f24e658867ab57e3942d7c648c3e6af072d	tests/opencl/lbm/gpu_info.c	V646__gpu_info.c	test
V647	vortex	d76b7f24e658867ab57e3942d7c648c3e6af072d	tests/opencl/lbm/gpu_info.h	V647__gpu_info.h	test
V648	vortex	d76b7f24e658867ab57e3942d7c648c3e6af072d	tests/opencl/lbm/layout_config.h	V648__layout_config.h	test
V649	vortex	d76b7f24e658867ab57e3942d7c648c3e6af072d	tests/opencl/lbm/lbm.c	V649__lbm.c	test
V650	vortex	d76b7f24e658867ab57e3942d7c648c3e6af072d	tests/opencl/lbm/lbm.h	V650__lbm.h	test
V651	vortex	d76b7f24e658867ab57e3942d7c648c3e6af072d	tests/opencl/lbm/lbm_macros.h	V651__lbm_macros.h	test
V652	vortex	d76b7f24e658867ab57e3942d7c648c3e6af072d	tests/opencl/lbm/main.cc	V652__main.cc	test
V653	vortex	d76b7f24e658867ab57e3942d7c648c3e6af072d	tests/opencl/lbm/main.h	V653__main.h	test
V654	vortex	d76b7f24e658867ab57e3942d7c648c3e6af072d	tests/opencl/lbm/ocl.c	V654__ocl.c	test
V655	vortex	d76b7f24e658867ab57e3942d7c648c3e6af072d	tests/opencl/lbm/ocl.h	V655__ocl.h	test
V656	vortex	d76b7f24e658867ab57e3942d7c648c3e6af072d	tests/opencl/lbm/parboil.h	V656__parboil.h	test
V657	vortex	d76b7f24e658867ab57e3942d7c648c3e6af072d	tests/opencl/lbm/parboil_opencl.c	V657__parboil_opencl.c	test
V658	vortex	d76b7f24e658867ab57e3942d7c648c3e6af072d	tests/opencl/lud/main.cc	V658__main.cc	test
V659	vortex	d76b7f24e658867ab57e3942d7c648c3e6af072d	tests/opencl/myocyte/main.cc	V659__main.cc	test
V660	vortex	d76b7f24e658867ab57e3942d7c648c3e6af072d	tests/opencl/myocyte/myocyte_model.h	V660__myocyte_model.h	test
V661	vortex	d76b7f24e658867ab57e3942d7c648c3e6af072d	tests/opencl/nearn/README.txt	V661__README.txt	test
V662	vortex	d76b7f24e658867ab57e3942d7c648c3e6af072d	tests/opencl/nearn/clutils.cpp	V662__clutils.cpp	test
V663	vortex	d76b7f24e658867ab57e3942d7c648c3e6af072d	tests/opencl/nearn/clutils.h	V663__clutils.h	test
V664	vortex	d76b7f24e658867ab57e3942d7c648c3e6af072d	tests/opencl/nearn/filelist.txt	V664__filelist.txt	test
V665	vortex	d76b7f24e658867ab57e3942d7c648c3e6af072d	tests/opencl/nearn/ipoint.h	V665__ipoint.h	test
V666	vortex	d76b7f24e658867ab57e3942d7c648c3e6af072d	tests/opencl/nearn/main.cc	V666__main.cc	test
V667	vortex	d76b7f24e658867ab57e3942d7c648c3e6af072d	tests/opencl/nearn/nearestNeighbor.h	V667__nearestNeighbor.h	test
V668	vortex	d76b7f24e658867ab57e3942d7c648c3e6af072d	tests/opencl/nearn/utils.cpp	V668__utils.cpp	test
V669	vortex	d76b7f24e658867ab57e3942d7c648c3e6af072d	tests/opencl/nearn/utils.h	V669__utils.h	test
V670	vortex	d76b7f24e658867ab57e3942d7c648c3e6af072d	tests/opencl/nw/main.cc	V670__main.cc	test
V671	vortex	d76b7f24e658867ab57e3942d7c648c3e6af072d	tests/opencl/oclprintf/main.cc	V671__main.cc	test
V672	vortex	d76b7f24e658867ab57e3942d7c648c3e6af072d	tests/opencl/pathfinder/main.cc	V672__main.cc	test
V673	vortex	d76b7f24e658867ab57e3942d7c648c3e6af072d	tests/opencl/psort/main.cc	V673__main.cc	test
V674	vortex	d76b7f24e658867ab57e3942d7c648c3e6af072d	tests/opencl/psum/main.cc	V674__main.cc	test
V675	vortex	d76b7f24e658867ab57e3942d7c648c3e6af072d	tests/opencl/saxpy/main.cc	V675__main.cc	test
V676	vortex	d76b7f24e658867ab57e3942d7c648c3e6af072d	tests/opencl/sfilter/main.cc	V676__main.cc	test
V677	vortex	d76b7f24e658867ab57e3942d7c648c3e6af072d	tests/opencl/sgemm/common.h	V677__common.h	test
V678	vortex	d76b7f24e658867ab57e3942d7c648c3e6af072d	tests/opencl/sgemm/main.cc	V678__main.cc	test
V679	vortex	d76b7f24e658867ab57e3942d7c648c3e6af072d	tests/opencl/sgemm2/common.h	V679__common.h	test
V680	vortex	d76b7f24e658867ab57e3942d7c648c3e6af072d	tests/opencl/sgemm2/main.cc	V680__main.cc	test
V681	vortex	d76b7f24e658867ab57e3942d7c648c3e6af072d	tests/opencl/sgemm3/common.h	V681__common.h	test
V682	vortex	d76b7f24e658867ab57e3942d7c648c3e6af072d	tests/opencl/sgemm3/main.cc	V682__main.cc	test
V683	vortex	d76b7f24e658867ab57e3942d7c648c3e6af072d	tests/opencl/spmv/args.c	V683__args.c	test
V684	vortex	d76b7f24e658867ab57e3942d7c648c3e6af072d	tests/opencl/spmv/convert_dataset.c	V684__convert_dataset.c	test
V685	vortex	d76b7f24e658867ab57e3942d7c648c3e6af072d	tests/opencl/spmv/convert_dataset.h	V685__convert_dataset.h	test
V686	vortex	d76b7f24e658867ab57e3942d7c648c3e6af072d	tests/opencl/spmv/file.c	V686__file.c	test
V687	vortex	d76b7f24e658867ab57e3942d7c648c3e6af072d	tests/opencl/spmv/file.h	V687__file.h	test
V688	vortex	d76b7f24e658867ab57e3942d7c648c3e6af072d	tests/opencl/spmv/gpu_info.c	V688__gpu_info.c	test
V689	vortex	d76b7f24e658867ab57e3942d7c648c3e6af072d	tests/opencl/spmv/gpu_info.h	V689__gpu_info.h	test
V690	vortex	d76b7f24e658867ab57e3942d7c648c3e6af072d	tests/opencl/spmv/main.cc	V690__main.cc	test
V691	vortex	d76b7f24e658867ab57e3942d7c648c3e6af072d	tests/raytracing/common.mk	V691__common.mk	test
V692	vortex	d76b7f24e658867ab57e3942d7c648c3e6af072d	tests/regression/common.mk	V692__common.mk	test
V693	vortex	d76b7f24e658867ab57e3942d7c648c3e6af072d	tests/riscv/common.mk	V693__common.mk	test
V694	vortex	d76b7f24e658867ab57e3942d7c648c3e6af072d	tests/runtime/test_async.cpp	V694__test_async.cpp	test
V695	vortex	d76b7f24e658867ab57e3942d7c648c3e6af072d	tests/runtime/test_basic.cpp	V695__test_basic.cpp	test
V696	vortex	d76b7f24e658867ab57e3942d7c648c3e6af072d	tests/runtime/test_module_kernel.cpp	V696__test_module_kernel.cpp	test
V697	vortex	d76b7f24e658867ab57e3942d7c648c3e6af072d	tests/runtime/test_rect_fill.cpp	V697__test_rect_fill.cpp	test
V698	vortex	d76b7f24e658867ab57e3942d7c648c3e6af072d	tests/runtime/test_timeline_events.cpp	V698__test_timeline_events.cpp	test
V699	vortex	d76b7f24e658867ab57e3942d7c648c3e6af072d	tests/unittest/common.mk	V699__common.mk	test
V700	vortex	d76b7f24e658867ab57e3942d7c648c3e6af072d	tests/vulkan/common.mk	V700__common.mk	test
O001	opentitan	bc1910f4505346dbef000155530fd5a68c60e889	hw/top_earlgrey/doc/datasheet.md	O001__opentitan__hw__top_earlgrey__doc__datasheet.md	soc
O002	opentitan	bc1910f4505346dbef000155530fd5a68c60e889	hw/top_earlgrey/doc/memory_map.md	O002__opentitan__hw__top_earlgrey__doc__memory_map.md	address-map
O003	opentitan	bc1910f4505346dbef000155530fd5a68c60e889	hw/top_earlgrey/data/top_earlgrey.hjson	O003__opentitan__hw__top_earlgrey__data__top_earlgrey.hjson	integration
O004	opentitan	bc1910f4505346dbef000155530fd5a68c60e889	hw/top_earlgrey/data/chip_testplan.hjson	O004__opentitan__hw__top_earlgrey__data__chip_testplan.hjson	testplan
O005	opentitan	bc1910f4505346dbef000155530fd5a68c60e889	hw/top_earlgrey/data/chip_conn_testplan.hjson	O005__opentitan__hw__top_earlgrey__data__chip_conn_testplan.hjson	testplan
O006	opentitan	bc1910f4505346dbef000155530fd5a68c60e889	hw/top_earlgrey/data/xbar_main.hjson	O006__opentitan__hw__top_earlgrey__data__xbar_main.hjson	address-map
O007	opentitan	bc1910f4505346dbef000155530fd5a68c60e889	hw/top_earlgrey/data/xbar_peri.hjson	O007__opentitan__hw__top_earlgrey__data__xbar_peri.hjson	address-map
O008	opentitan	bc1910f4505346dbef000155530fd5a68c60e889	hw/top_earlgrey/ip_autogen/clkmgr/doc/checklist.md	O008__opentitan__clkmgr__checklist.md	clock
O009	opentitan	bc1910f4505346dbef000155530fd5a68c60e889	hw/top_earlgrey/ip_autogen/clkmgr/doc/interfaces.md	O009__opentitan__clkmgr__interfaces.md	clock
O010	opentitan	bc1910f4505346dbef000155530fd5a68c60e889	hw/top_earlgrey/ip_autogen/clkmgr/doc/programmers_guide.md	O010__opentitan__clkmgr__programmers_guide.md	clock
O011	opentitan	bc1910f4505346dbef000155530fd5a68c60e889	hw/top_earlgrey/ip_autogen/clkmgr/doc/registers.md	O011__opentitan__clkmgr__registers.md	register
O012	opentitan	bc1910f4505346dbef000155530fd5a68c60e889	hw/top_earlgrey/ip_autogen/clkmgr/doc/theory_of_operation.md	O012__opentitan__clkmgr__theory_of_operation.md	clock
O013	opentitan	bc1910f4505346dbef000155530fd5a68c60e889	hw/top_earlgrey/ip_autogen/rstmgr/doc/checklist.md	O013__opentitan__rstmgr__checklist.md	reset
O014	opentitan	bc1910f4505346dbef000155530fd5a68c60e889	hw/top_earlgrey/ip_autogen/rstmgr/doc/interfaces.md	O014__opentitan__rstmgr__interfaces.md	reset
O015	opentitan	bc1910f4505346dbef000155530fd5a68c60e889	hw/top_earlgrey/ip_autogen/rstmgr/doc/programmers_guide.md	O015__opentitan__rstmgr__programmers_guide.md	reset
O016	opentitan	bc1910f4505346dbef000155530fd5a68c60e889	hw/top_earlgrey/ip_autogen/rstmgr/doc/registers.md	O016__opentitan__rstmgr__registers.md	register
O017	opentitan	bc1910f4505346dbef000155530fd5a68c60e889	hw/top_earlgrey/ip_autogen/rstmgr/doc/theory_of_operation.md	O017__opentitan__rstmgr__theory_of_operation.md	reset
O018	opentitan	bc1910f4505346dbef000155530fd5a68c60e889	hw/top_earlgrey/ip_autogen/rv_plic/doc/checklist.md	O018__opentitan__rv_plic__checklist.md	interrupt
O019	opentitan	bc1910f4505346dbef000155530fd5a68c60e889	hw/top_earlgrey/ip_autogen/rv_plic/doc/programmers_guide.md	O019__opentitan__rv_plic__programmers_guide.md	interrupt
O020	opentitan	bc1910f4505346dbef000155530fd5a68c60e889	hw/top_earlgrey/ip_autogen/rv_plic/doc/theory_of_operation.md	O020__opentitan__rv_plic__theory_of_operation.md	interrupt
O021	opentitan	bc1910f4505346dbef000155530fd5a68c60e889	hw/top_earlgrey/ip_autogen/pinmux/doc/checklist.md	O021__opentitan__pinmux__checklist.md	pinout
O022	opentitan	bc1910f4505346dbef000155530fd5a68c60e889	hw/top_earlgrey/ip_autogen/pinmux/doc/interfaces.md	O022__opentitan__pinmux__interfaces.md	pinout
O023	opentitan	bc1910f4505346dbef000155530fd5a68c60e889	hw/top_earlgrey/ip_autogen/pinmux/doc/pinout_asic.md	O023__opentitan__pinmux__pinout_asic.md	pinout
O024	opentitan	bc1910f4505346dbef000155530fd5a68c60e889	hw/top_earlgrey/ip_autogen/pinmux/doc/pinout_cw340.md	O024__opentitan__pinmux__pinout_cw340.md	pinout
O025	opentitan	bc1910f4505346dbef000155530fd5a68c60e889	hw/top_earlgrey/ip_autogen/pinmux/doc/programmers_guide.md	O025__opentitan__pinmux__programmers_guide.md	pinout
O026	opentitan	bc1910f4505346dbef000155530fd5a68c60e889	hw/top_earlgrey/ip_autogen/pinmux/doc/registers.md	O026__opentitan__pinmux__registers.md	register
O027	opentitan	bc1910f4505346dbef000155530fd5a68c60e889	hw/top_earlgrey/ip_autogen/pinmux/doc/theory_of_operation.md	O027__opentitan__pinmux__theory_of_operation.md	pinout
O028	opentitan	bc1910f4505346dbef000155530fd5a68c60e889	hw/ip/sram_ctrl/doc/registers.md	O028__opentitan__sram_ctrl__registers.md	register
O029	opentitan	bc1910f4505346dbef000155530fd5a68c60e889	hw/ip/sram_ctrl/doc/theory_of_operation.md	O029__opentitan__sram_ctrl__theory_of_operation.md	memory
O030	opentitan	bc1910f4505346dbef000155530fd5a68c60e889	hw/top_earlgrey/ip/ast/rtl/ast_dft.sv	O030__opentitan__hw__top_earlgrey__ip__ast__rtl__ast_dft.sv	dft
O031	opentitan	bc1910f4505346dbef000155530fd5a68c60e889	doc/BUILD.bazel	O031__BUILD.bazel	documentation
O032	opentitan	bc1910f4505346dbef000155530fd5a68c60e889	doc/contributing/README.md	O032__README.md	documentation
O033	opentitan	bc1910f4505346dbef000155530fd5a68c60e889	doc/contributing/bazel_notes.md	O033__bazel_notes.md	documentation
O034	opentitan	bc1910f4505346dbef000155530fd5a68c60e889	doc/contributing/directory_structure.md	O034__directory_structure.md	documentation
O035	opentitan	bc1910f4505346dbef000155530fd5a68c60e889	doc/contributing/github_notes.md	O035__github_notes.md	documentation
O036	opentitan	bc1910f4505346dbef000155530fd5a68c60e889	doc/contributing/system_list.md	O036__system_list.md	documentation
O037	opentitan	bc1910f4505346dbef000155530fd5a68c60e889	doc/getting_started/README.md	O037__README.md	documentation
O038	opentitan	bc1910f4505346dbef000155530fd5a68c60e889	doc/getting_started/build_docs.md	O038__build_docs.md	documentation
O039	opentitan	bc1910f4505346dbef000155530fd5a68c60e889	doc/getting_started/build_sw.md	O039__build_sw.md	documentation
O040	opentitan	bc1910f4505346dbef000155530fd5a68c60e889	doc/getting_started/setup_dv.md	O040__setup_dv.md	documentation
O041	opentitan	bc1910f4505346dbef000155530fd5a68c60e889	doc/getting_started/setup_formal.md	O041__setup_formal.md	documentation
O042	opentitan	bc1910f4505346dbef000155530fd5a68c60e889	doc/getting_started/setup_fpga.md	O042__setup_fpga.md	documentation
O043	opentitan	bc1910f4505346dbef000155530fd5a68c60e889	doc/getting_started/setup_verilator.md	O043__setup_verilator.md	documentation
O044	opentitan	bc1910f4505346dbef000155530fd5a68c60e889	doc/getting_started/tools-setup.md	O044__tools-setup.md	documentation
O045	opentitan	bc1910f4505346dbef000155530fd5a68c60e889	doc/getting_started/using_openocd.md	O045__using_openocd.md	documentation
O046	opentitan	bc1910f4505346dbef000155530fd5a68c60e889	doc/getting_started/workflows.md	O046__workflows.md	documentation
O047	opentitan	bc1910f4505346dbef000155530fd5a68c60e889	doc/glossary.md	O047__glossary.md	documentation
O048	opentitan	bc1910f4505346dbef000155530fd5a68c60e889	doc/productarchitecture.md	O048__productarchitecture.md	documentation
O049	opentitan	bc1910f4505346dbef000155530fd5a68c60e889	doc/project_governance/README.md	O049__README.md	documentation
O050	opentitan	bc1910f4505346dbef000155530fd5a68c60e889	doc/project_governance/code_of_conduct.md	O050__code_of_conduct.md	documentation
O051	opentitan	bc1910f4505346dbef000155530fd5a68c60e889	doc/project_governance/committers.md	O051__committers.md	documentation
O052	opentitan	bc1910f4505346dbef000155530fd5a68c60e889	doc/project_governance/corporate_cla.txt	O052__corporate_cla.txt	documentation
O053	opentitan	bc1910f4505346dbef000155530fd5a68c60e889	doc/project_governance/development_stages.md	O053__development_stages.md	documentation
O054	opentitan	bc1910f4505346dbef000155530fd5a68c60e889	doc/project_governance/edit.md	O054__edit.md	documentation
O055	opentitan	bc1910f4505346dbef000155530fd5a68c60e889	doc/project_governance/governing_board.md	O055__governing_board.md	documentation
O056	opentitan	bc1910f4505346dbef000155530fd5a68c60e889	doc/project_governance/priority_definitions.md	O056__priority_definitions.md	documentation
O057	opentitan	bc1910f4505346dbef000155530fd5a68c60e889	doc/project_governance/project_milestone_definitions.md	O057__project_milestone_definitions.md	documentation
O058	opentitan	bc1910f4505346dbef000155530fd5a68c60e889	doc/project_governance/rfc_approved.md	O058__rfc_approved.md	documentation
O059	opentitan	bc1910f4505346dbef000155530fd5a68c60e889	doc/project_governance/rfc_process.md	O059__rfc_process.md	documentation
O060	opentitan	bc1910f4505346dbef000155530fd5a68c60e889	doc/project_governance/technical_committee.md	O060__technical_committee.md	documentation
O061	opentitan	bc1910f4505346dbef000155530fd5a68c60e889	doc/project_governance/useraccounts.md	O061__useraccounts.md	documentation
O062	opentitan	bc1910f4505346dbef000155530fd5a68c60e889	doc/project_governance/wg_good_practice.md	O062__wg_good_practice.md	documentation
O063	opentitan	bc1910f4505346dbef000155530fd5a68c60e889	doc/project_governance/working_group.md	O063__working_group.md	documentation
O064	opentitan	bc1910f4505346dbef000155530fd5a68c60e889	doc/rust_for_c_devs.md	O064__rust_for_c_devs.md	documentation
O065	opentitan	bc1910f4505346dbef000155530fd5a68c60e889	doc/security/README.md	O065__README.md	documentation
O066	opentitan	bc1910f4505346dbef000155530fd5a68c60e889	hw/README.md	O066__README.md	hardware
O067	opentitan	bc1910f4505346dbef000155530fd5a68c60e889	hw/bitstream/README.md	O067__README.md	hardware
O068	opentitan	bc1910f4505346dbef000155530fd5a68c60e889	hw/check_tool_requirements.core	O068__check_tool_requirements.core	hardware
O069	opentitan	bc1910f4505346dbef000155530fd5a68c60e889	hw/check_tool_requirements.py	O069__check_tool_requirements.py	hardware
O070	opentitan	bc1910f4505346dbef000155530fd5a68c60e889	hw/data/common_project_cfg.hjson	O070__common_project_cfg.hjson	hardware
O071	opentitan	bc1910f4505346dbef000155530fd5a68c60e889	hw/doc/cores.md	O071__cores.md	documentation
O072	opentitan	bc1910f4505346dbef000155530fd5a68c60e889	hw/dv/README.md	O072__README.md	verification
O073	opentitan	bc1910f4505346dbef000155530fd5a68c60e889	hw/dv/doc/dv_doc_template.md	O073__dv_doc_template.md	verification
O074	opentitan	bc1910f4505346dbef000155530fd5a68c60e889	hw/dv/dpi/dpi_sim_cfg.hjson	O074__dpi_sim_cfg.hjson	verification
O075	opentitan	bc1910f4505346dbef000155530fd5a68c60e889	hw/dv/sv/README.md	O075__README.md	verification
O076	opentitan	bc1910f4505346dbef000155530fd5a68c60e889	hw/dv/tools/README.md	O076__README.md	verification
O077	opentitan	bc1910f4505346dbef000155530fd5a68c60e889	hw/dv/tools/common.tcl	O077__common.tcl	verification
O078	opentitan	bc1910f4505346dbef000155530fd5a68c60e889	hw/dv/tools/sim.tcl	O078__sim.tcl	verification
O079	opentitan	bc1910f4505346dbef000155530fd5a68c60e889	hw/dv/tools/waves.tcl	O079__waves.tcl	verification
O080	opentitan	bc1910f4505346dbef000155530fd5a68c60e889	hw/dv/verilator/README.md	O080__README.md	verification
O081	opentitan	bc1910f4505346dbef000155530fd5a68c60e889	hw/dv/verilator/memutil_dpi.core	O081__memutil_dpi.core	verification
O082	opentitan	bc1910f4505346dbef000155530fd5a68c60e889	hw/dv/verilator/memutil_dpi_scrambled.core	O082__memutil_dpi_scrambled.core	verification
O083	opentitan	bc1910f4505346dbef000155530fd5a68c60e889	hw/dv/verilator/memutil_dpi_scrambled_opts.hjson	O083__memutil_dpi_scrambled_opts.hjson	verification
O084	opentitan	bc1910f4505346dbef000155530fd5a68c60e889	hw/dv/verilator/memutil_verilator.core	O084__memutil_verilator.core	verification
O085	opentitan	bc1910f4505346dbef000155530fd5a68c60e889	hw/formal/README.md	O085__README.md	hardware
O086	opentitan	bc1910f4505346dbef000155530fd5a68c60e889	hw/ip/README.md	O086__README.md	hardware
O087	opentitan	bc1910f4505346dbef000155530fd5a68c60e889	hw/ip/adc_ctrl/README.md	O087__README.md	hardware
O088	opentitan	bc1910f4505346dbef000155530fd5a68c60e889	hw/ip/adc_ctrl/adc_ctrl.core	O088__adc_ctrl.core	hardware
O089	opentitan	bc1910f4505346dbef000155530fd5a68c60e889	hw/ip/adc_ctrl/defs.bzl	O089__defs.bzl	hardware
O090	opentitan	bc1910f4505346dbef000155530fd5a68c60e889	hw/ip/aes/README.md	O090__README.md	hardware
O091	opentitan	bc1910f4505346dbef000155530fd5a68c60e889	hw/ip/aes/aes.core	O091__aes.core	hardware
O092	opentitan	bc1910f4505346dbef000155530fd5a68c60e889	hw/ip/aes/aes_wrap.core	O092__aes_wrap.core	hardware
O093	opentitan	bc1910f4505346dbef000155530fd5a68c60e889	hw/ip/aes/defs.bzl	O093__defs.bzl	hardware
O094	opentitan	bc1910f4505346dbef000155530fd5a68c60e889	hw/ip/aon_timer/README.md	O094__README.md	hardware
O095	opentitan	bc1910f4505346dbef000155530fd5a68c60e889	hw/ip/aon_timer/aon_timer.core	O095__aon_timer.core	hardware
O096	opentitan	bc1910f4505346dbef000155530fd5a68c60e889	hw/ip/aon_timer/defs.bzl	O096__defs.bzl	hardware
O097	opentitan	bc1910f4505346dbef000155530fd5a68c60e889	hw/ip/ascon/README.md	O097__README.md	hardware
O098	opentitan	bc1910f4505346dbef000155530fd5a68c60e889	hw/ip/ascon/ascon.core	O098__ascon.core	hardware
O099	opentitan	bc1910f4505346dbef000155530fd5a68c60e889	hw/ip/bkdr_loader/README.md	O099__README.md	hardware
O100	opentitan	bc1910f4505346dbef000155530fd5a68c60e889	hw/ip/bkdr_loader/bkdr_loader.core	O100__bkdr_loader.core	hardware
O101	opentitan	bc1910f4505346dbef000155530fd5a68c60e889	hw/ip/bkdr_loader/defs.bzl	O101__defs.bzl	hardware
O102	opentitan	bc1910f4505346dbef000155530fd5a68c60e889	hw/ip/csrng/README.md	O102__README.md	hardware
O103	opentitan	bc1910f4505346dbef000155530fd5a68c60e889	hw/ip/csrng/csrng.core	O103__csrng.core	hardware
O104	opentitan	bc1910f4505346dbef000155530fd5a68c60e889	hw/ip/csrng/csrng_pkg.core	O104__csrng_pkg.core	hardware
O105	opentitan	bc1910f4505346dbef000155530fd5a68c60e889	hw/ip/csrng/defs.bzl	O105__defs.bzl	hardware
O106	opentitan	bc1910f4505346dbef000155530fd5a68c60e889	hw/ip/dma/README.md	O106__README.md	hardware
O107	opentitan	bc1910f4505346dbef000155530fd5a68c60e889	hw/ip/dma/defs.bzl	O107__defs.bzl	hardware
O108	opentitan	bc1910f4505346dbef000155530fd5a68c60e889	hw/ip/dma/dma.core	O108__dma.core	hardware
O109	opentitan	bc1910f4505346dbef000155530fd5a68c60e889	hw/ip/dma/dma_pkg.core	O109__dma_pkg.core	hardware
O110	opentitan	bc1910f4505346dbef000155530fd5a68c60e889	hw/ip/edn/README.md	O110__README.md	hardware
O111	opentitan	bc1910f4505346dbef000155530fd5a68c60e889	hw/ip/edn/defs.bzl	O111__defs.bzl	hardware
O112	opentitan	bc1910f4505346dbef000155530fd5a68c60e889	hw/ip/edn/edn.core	O112__edn.core	hardware
O113	opentitan	bc1910f4505346dbef000155530fd5a68c60e889	hw/ip/edn/edn_pkg.core	O113__edn_pkg.core	hardware
O114	opentitan	bc1910f4505346dbef000155530fd5a68c60e889	hw/ip/entropy_src/README.md	O114__README.md	hardware
O115	opentitan	bc1910f4505346dbef000155530fd5a68c60e889	hw/ip/entropy_src/defs.bzl	O115__defs.bzl	hardware
O116	opentitan	bc1910f4505346dbef000155530fd5a68c60e889	hw/ip/entropy_src/entropy_src.core	O116__entropy_src.core	hardware
O117	opentitan	bc1910f4505346dbef000155530fd5a68c60e889	hw/ip/entropy_src/entropy_src_pkg.core	O117__entropy_src_pkg.core	hardware
O118	opentitan	bc1910f4505346dbef000155530fd5a68c60e889	hw/ip/flash_ctrl/flash_ctrl_pkg.core	O118__flash_ctrl_pkg.core	hardware
O119	opentitan	bc1910f4505346dbef000155530fd5a68c60e889	hw/ip/hmac/README.md	O119__README.md	hardware
O120	opentitan	bc1910f4505346dbef000155530fd5a68c60e889	hw/ip/hmac/defs.bzl	O120__defs.bzl	hardware
O121	opentitan	bc1910f4505346dbef000155530fd5a68c60e889	hw/ip/hmac/hmac.core	O121__hmac.core	hardware
O122	opentitan	bc1910f4505346dbef000155530fd5a68c60e889	hw/ip/i2c/README.md	O122__README.md	hardware
O123	opentitan	bc1910f4505346dbef000155530fd5a68c60e889	hw/ip/i2c/defs.bzl	O123__defs.bzl	hardware
O124	opentitan	bc1910f4505346dbef000155530fd5a68c60e889	hw/ip/i2c/i2c.core	O124__i2c.core	hardware
O125	opentitan	bc1910f4505346dbef000155530fd5a68c60e889	hw/ip/i2c/i2c_pkg.core	O125__i2c_pkg.core	hardware
O126	opentitan	bc1910f4505346dbef000155530fd5a68c60e889	hw/ip/i3c/README.md	O126__README.md	hardware
O127	opentitan	bc1910f4505346dbef000155530fd5a68c60e889	hw/ip/i3c/i3c.core	O127__i3c.core	hardware
O128	opentitan	bc1910f4505346dbef000155530fd5a68c60e889	hw/ip/keymgr/README.md	O128__README.md	hardware
O129	opentitan	bc1910f4505346dbef000155530fd5a68c60e889	hw/ip/keymgr/defs.bzl	O129__defs.bzl	hardware
O130	opentitan	bc1910f4505346dbef000155530fd5a68c60e889	hw/ip/keymgr/keymgr.core	O130__keymgr.core	hardware
O131	opentitan	bc1910f4505346dbef000155530fd5a68c60e889	hw/ip/keymgr/keymgr_common.core	O131__keymgr_common.core	hardware
O132	opentitan	bc1910f4505346dbef000155530fd5a68c60e889	hw/ip/keymgr/keymgr_pkg.core	O132__keymgr_pkg.core	hardware
O133	opentitan	bc1910f4505346dbef000155530fd5a68c60e889	hw/ip/keymgr_dpe/README.md	O133__README.md	hardware
O134	opentitan	bc1910f4505346dbef000155530fd5a68c60e889	hw/ip/keymgr_dpe/defs.bzl	O134__defs.bzl	hardware
O135	opentitan	bc1910f4505346dbef000155530fd5a68c60e889	hw/ip/keymgr_dpe/keymgr_dpe.core	O135__keymgr_dpe.core	hardware
O136	opentitan	bc1910f4505346dbef000155530fd5a68c60e889	hw/ip/keymgr_dpe/keymgr_dpe_pkg.core	O136__keymgr_dpe_pkg.core	hardware
O137	opentitan	bc1910f4505346dbef000155530fd5a68c60e889	hw/ip/kmac/README.md	O137__README.md	hardware
O138	opentitan	bc1910f4505346dbef000155530fd5a68c60e889	hw/ip/kmac/defs.bzl	O138__defs.bzl	hardware
O139	opentitan	bc1910f4505346dbef000155530fd5a68c60e889	hw/ip/kmac/kmac.core	O139__kmac.core	hardware
O140	opentitan	bc1910f4505346dbef000155530fd5a68c60e889	hw/ip/kmac/kmac_pkg.core	O140__kmac_pkg.core	hardware
O141	opentitan	bc1910f4505346dbef000155530fd5a68c60e889	hw/ip/kmac/kmac_reduced.core	O141__kmac_reduced.core	hardware
O142	opentitan	bc1910f4505346dbef000155530fd5a68c60e889	hw/ip/kmac/sha3.core	O142__sha3.core	hardware
O143	opentitan	bc1910f4505346dbef000155530fd5a68c60e889	hw/ip/lc_ctrl/README.md	O143__README.md	hardware
O144	opentitan	bc1910f4505346dbef000155530fd5a68c60e889	hw/ip/lc_ctrl/defs.bzl	O144__defs.bzl	hardware
O145	opentitan	bc1910f4505346dbef000155530fd5a68c60e889	hw/ip/lc_ctrl/lc_ctrl.core	O145__lc_ctrl.core	hardware
O146	opentitan	bc1910f4505346dbef000155530fd5a68c60e889	hw/ip/lc_ctrl/lc_ctrl_pkg.core	O146__lc_ctrl_pkg.core	hardware
O147	opentitan	bc1910f4505346dbef000155530fd5a68c60e889	hw/ip/lc_ctrl/lc_ctrl_state_pkg.core	O147__lc_ctrl_state_pkg.core	hardware
O148	opentitan	bc1910f4505346dbef000155530fd5a68c60e889	hw/ip/mbx/README.md	O148__README.md	hardware
O149	opentitan	bc1910f4505346dbef000155530fd5a68c60e889	hw/ip/mbx/defs.bzl	O149__defs.bzl	hardware
O150	opentitan	bc1910f4505346dbef000155530fd5a68c60e889	hw/ip/mbx/mbx.core	O150__mbx.core	hardware
O151	opentitan	bc1910f4505346dbef000155530fd5a68c60e889	hw/ip/otbn/README.md	O151__README.md	hardware
O152	opentitan	bc1910f4505346dbef000155530fd5a68c60e889	hw/ip/otbn/defs.bzl	O152__defs.bzl	hardware
O153	opentitan	bc1910f4505346dbef000155530fd5a68c60e889	hw/ip/otbn/otbn.core	O153__otbn.core	hardware
O154	opentitan	bc1910f4505346dbef000155530fd5a68c60e889	hw/ip/otbn/otbn_pkg.core	O154__otbn_pkg.core	hardware
O155	opentitan	bc1910f4505346dbef000155530fd5a68c60e889	hw/ip/otp_ctrl/otp_ctrl_pkg.core	O155__otp_ctrl_pkg.core	hardware
O156	opentitan	bc1910f4505346dbef000155530fd5a68c60e889	hw/ip/otp_macro/README.md	O156__README.md	hardware
O157	opentitan	bc1910f4505346dbef000155530fd5a68c60e889	hw/ip/otp_macro/defs.bzl	O157__defs.bzl	hardware
O158	opentitan	bc1910f4505346dbef000155530fd5a68c60e889	hw/ip/otp_macro/otp_macro.core	O158__otp_macro.core	hardware
O159	opentitan	bc1910f4505346dbef000155530fd5a68c60e889	hw/ip/otp_macro/otp_macro_pkg.core	O159__otp_macro_pkg.core	hardware
O160	opentitan	bc1910f4505346dbef000155530fd5a68c60e889	hw/ip/pattgen/README.md	O160__README.md	hardware
O161	opentitan	bc1910f4505346dbef000155530fd5a68c60e889	hw/ip/pattgen/defs.bzl	O161__defs.bzl	hardware
O162	opentitan	bc1910f4505346dbef000155530fd5a68c60e889	hw/ip/pattgen/pattgen.core	O162__pattgen.core	hardware
O163	opentitan	bc1910f4505346dbef000155530fd5a68c60e889	hw/ip/prim/README.md	O163__README.md	hardware
O164	opentitan	bc1910f4505346dbef000155530fd5a68c60e889	hw/ip/prim/prim.core	O164__prim.core	hardware
O165	opentitan	bc1910f4505346dbef000155530fd5a68c60e889	hw/lint/README.md	O165__README.md	hardware
O166	opentitan	bc1910f4505346dbef000155530fd5a68c60e889	hw/lint/common.core	O166__common.core	hardware
O167	opentitan	bc1910f4505346dbef000155530fd5a68c60e889	hw/lint/comportable.core	O167__comportable.core	hardware
O168	opentitan	bc1910f4505346dbef000155530fd5a68c60e889	hw/lint/sival_testplan_schema.hjson	O168__sival_testplan_schema.hjson	verification
O169	opentitan	bc1910f4505346dbef000155530fd5a68c60e889	hw/syn/README.md	O169__README.md	hardware
O170	opentitan	bc1910f4505346dbef000155530fd5a68c60e889	hw/tool_requirements.py	O170__tool_requirements.py	hardware
O171	opentitan	bc1910f4505346dbef000155530fd5a68c60e889	hw/top/README.md	O171__README.md	hardware
O172	opentitan	bc1910f4505346dbef000155530fd5a68c60e889	hw/top/defs.bzl	O172__defs.bzl	hardware
O173	opentitan	bc1910f4505346dbef000155530fd5a68c60e889	hw/top/extensions.bzl	O173__extensions.bzl	hardware
O174	opentitan	bc1910f4505346dbef000155530fd5a68c60e889	hw/top_darjeeling/README.md	O174__README.md	hardware
O175	opentitan	bc1910f4505346dbef000155530fd5a68c60e889	hw/top_darjeeling/chip_darjeeling_asic.core	O175__chip_darjeeling_asic.core	hardware
O176	opentitan	bc1910f4505346dbef000155530fd5a68c60e889	hw/top_darjeeling/chip_darjeeling_verilator.core	O176__chip_darjeeling_verilator.core	hardware
O177	opentitan	bc1910f4505346dbef000155530fd5a68c60e889	hw/top_darjeeling/defs.bzl	O177__defs.bzl	hardware
O178	opentitan	bc1910f4505346dbef000155530fd5a68c60e889	hw/top_darjeeling/padring.core	O178__padring.core	hardware
O179	opentitan	bc1910f4505346dbef000155530fd5a68c60e889	hw/top_darjeeling/physical_pads.core	O179__physical_pads.core	hardware
O180	opentitan	bc1910f4505346dbef000155530fd5a68c60e889	hw/top_darjeeling/top_darjeeling.core	O180__top_darjeeling.core	hardware
O181	opentitan	bc1910f4505346dbef000155530fd5a68c60e889	hw/top_darjeeling/top_darjeeling_ibex_pmp_reset_pkg.core	O181__top_darjeeling_ibex_pmp_reset_pkg.core	hardware
O182	opentitan	bc1910f4505346dbef000155530fd5a68c60e889	hw/top_darjeeling/top_darjeeling_jtag_id_pkg.core	O182__top_darjeeling_jtag_id_pkg.core	hardware
O183	opentitan	bc1910f4505346dbef000155530fd5a68c60e889	hw/top_darjeeling/top_darjeeling_pad_orient_pkg.core	O183__top_darjeeling_pad_orient_pkg.core	hardware
O184	opentitan	bc1910f4505346dbef000155530fd5a68c60e889	hw/top_darjeeling/top_darjeeling_pkg.core	O184__top_darjeeling_pkg.core	hardware
O185	opentitan	bc1910f4505346dbef000155530fd5a68c60e889	hw/top_darjeeling/top_darjeeling_racl_pkg.core	O185__top_darjeeling_racl_pkg.core	hardware
O186	opentitan	bc1910f4505346dbef000155530fd5a68c60e889	hw/top_darjeeling/top_darjeeling_scan_role_pkg.core	O186__top_darjeeling_scan_role_pkg.core	hardware
O187	opentitan	bc1910f4505346dbef000155530fd5a68c60e889	hw/top_darjeeling/top_pkg.core	O187__top_pkg.core	hardware
O188	opentitan	bc1910f4505346dbef000155530fd5a68c60e889	hw/top_earlgrey/README.md	O188__README.md	hardware
O189	opentitan	bc1910f4505346dbef000155530fd5a68c60e889	hw/top_earlgrey/chip_earlgrey_asic.core	O189__chip_earlgrey_asic.core	hardware
O190	opentitan	bc1910f4505346dbef000155530fd5a68c60e889	hw/top_earlgrey/chip_earlgrey_cw340.core	O190__chip_earlgrey_cw340.core	hardware
O191	opentitan	bc1910f4505346dbef000155530fd5a68c60e889	hw/top_earlgrey/chip_earlgrey_verilator.core	O191__chip_earlgrey_verilator.core	hardware
O192	opentitan	bc1910f4505346dbef000155530fd5a68c60e889	hw/top_earlgrey/defs.bzl	O192__defs.bzl	hardware
O193	opentitan	bc1910f4505346dbef000155530fd5a68c60e889	hw/top_earlgrey/ibex_pmp_reset_pkg.core	O193__ibex_pmp_reset_pkg.core	hardware
O194	opentitan	bc1910f4505346dbef000155530fd5a68c60e889	hw/top_earlgrey/jtag_id_pkg.core	O194__jtag_id_pkg.core	hardware
O195	opentitan	bc1910f4505346dbef000155530fd5a68c60e889	hw/top_earlgrey/pad_orient_pkg.core	O195__pad_orient_pkg.core	hardware
O196	opentitan	bc1910f4505346dbef000155530fd5a68c60e889	hw/top_earlgrey/padring.core	O196__padring.core	hardware
O197	opentitan	bc1910f4505346dbef000155530fd5a68c60e889	hw/top_earlgrey/physical_pads.core	O197__physical_pads.core	hardware
O198	opentitan	bc1910f4505346dbef000155530fd5a68c60e889	hw/top_earlgrey/scan_role_pkg.core	O198__scan_role_pkg.core	hardware
O199	opentitan	bc1910f4505346dbef000155530fd5a68c60e889	hw/top_earlgrey/top_earlgrey.core	O199__top_earlgrey.core	hardware
O200	opentitan	bc1910f4505346dbef000155530fd5a68c60e889	hw/top_earlgrey/top_earlgrey_pkg.core	O200__top_earlgrey_pkg.core	hardware
O201	opentitan	bc1910f4505346dbef000155530fd5a68c60e889	hw/top_earlgrey/top_earlgrey_racl_pkg.core	O201__top_earlgrey_racl_pkg.core	hardware
O202	opentitan	bc1910f4505346dbef000155530fd5a68c60e889	hw/top_earlgrey/top_pkg.core	O202__top_pkg.core	hardware
O203	opentitan	bc1910f4505346dbef000155530fd5a68c60e889	hw/top_englishbreakfast/README.md	O203__README.md	hardware
O204	opentitan	bc1910f4505346dbef000155530fd5a68c60e889	hw/top_englishbreakfast/chip_englishbreakfast_cw305.core	O204__chip_englishbreakfast_cw305.core	hardware
O205	opentitan	bc1910f4505346dbef000155530fd5a68c60e889	hw/top_englishbreakfast/chip_englishbreakfast_verilator.core	O205__chip_englishbreakfast_verilator.core	hardware
O206	opentitan	bc1910f4505346dbef000155530fd5a68c60e889	hw/top_englishbreakfast/clkgen_xil7series.core	O206__clkgen_xil7series.core	hardware
O207	opentitan	bc1910f4505346dbef000155530fd5a68c60e889	hw/top_englishbreakfast/defs.bzl	O207__defs.bzl	hardware
O208	opentitan	bc1910f4505346dbef000155530fd5a68c60e889	hw/top_englishbreakfast/top_englishbreakfast.core	O208__top_englishbreakfast.core	hardware
O209	opentitan	bc1910f4505346dbef000155530fd5a68c60e889	hw/top_englishbreakfast/top_englishbreakfast_pad_orient_pkg.core	O209__top_englishbreakfast_pad_orient_pkg.core	hardware
O210	opentitan	bc1910f4505346dbef000155530fd5a68c60e889	hw/top_englishbreakfast/top_englishbreakfast_padring.core	O210__top_englishbreakfast_padring.core	hardware
O211	opentitan	bc1910f4505346dbef000155530fd5a68c60e889	hw/top_englishbreakfast/top_englishbreakfast_physical_pads.core	O211__top_englishbreakfast_physical_pads.core	hardware
O212	opentitan	bc1910f4505346dbef000155530fd5a68c60e889	hw/top_englishbreakfast/top_englishbreakfast_pkg.core	O212__top_englishbreakfast_pkg.core	hardware
O213	opentitan	bc1910f4505346dbef000155530fd5a68c60e889	hw/top_englishbreakfast/top_englishbreakfast_racl_pkg.core	O213__top_englishbreakfast_racl_pkg.core	hardware
O214	opentitan	bc1910f4505346dbef000155530fd5a68c60e889	hw/top_englishbreakfast/top_englishbreakfast_scan_role_pkg.core	O214__top_englishbreakfast_scan_role_pkg.core	hardware
O215	opentitan	bc1910f4505346dbef000155530fd5a68c60e889	hw/top_englishbreakfast/top_pkg.core	O215__top_pkg.core	hardware
O216	opentitan	bc1910f4505346dbef000155530fd5a68c60e889	sw/.rustfmt.toml	O216__.rustfmt.toml	software
O217	opentitan	bc1910f4505346dbef000155530fd5a68c60e889	sw/README.md	O217__README.md	software
O218	opentitan	bc1910f4505346dbef000155530fd5a68c60e889	sw/device/README.md	O218__README.md	software
O219	opentitan	bc1910f4505346dbef000155530fd5a68c60e889	sw/device/examples/demos.c	O219__demos.c	software
O220	opentitan	bc1910f4505346dbef000155530fd5a68c60e889	sw/device/examples/demos.h	O220__demos.h	software
O221	opentitan	bc1910f4505346dbef000155530fd5a68c60e889	sw/device/lib/README.md	O221__README.md	software
O222	opentitan	bc1910f4505346dbef000155530fd5a68c60e889	sw/device/sca/aes_serial.c	O222__aes_serial.c	software
O223	opentitan	bc1910f4505346dbef000155530fd5a68c60e889	sw/device/sca/ecc256_sign_serial.c	O223__ecc256_sign_serial.c	software
O224	opentitan	bc1910f4505346dbef000155530fd5a68c60e889	sw/device/sca/ecc384_serial.c	O224__ecc384_serial.c	software
O225	opentitan	bc1910f4505346dbef000155530fd5a68c60e889	sw/device/sca/kmac_serial.c	O225__kmac_serial.c	software
O226	opentitan	bc1910f4505346dbef000155530fd5a68c60e889	sw/device/sca/sha3_serial.c	O226__sha3_serial.c	software
O227	opentitan	bc1910f4505346dbef000155530fd5a68c60e889	sw/device/silicon_creator/README.md	O227__README.md	software
O228	opentitan	bc1910f4505346dbef000155530fd5a68c60e889	sw/device/tests/README.md	O228__README.md	verification
O229	opentitan	bc1910f4505346dbef000155530fd5a68c60e889	sw/device/tests/aes_entropy_test.c	O229__aes_entropy_test.c	verification
O230	opentitan	bc1910f4505346dbef000155530fd5a68c60e889	sw/device/tests/aes_force_prng_reseed_test.c	O230__aes_force_prng_reseed_test.c	verification
O231	opentitan	bc1910f4505346dbef000155530fd5a68c60e889	sw/device/tests/aes_gcm_test.c	O231__aes_gcm_test.c	verification
O232	opentitan	bc1910f4505346dbef000155530fd5a68c60e889	sw/device/tests/aes_idle_test.c	O232__aes_idle_test.c	verification
O233	opentitan	bc1910f4505346dbef000155530fd5a68c60e889	sw/device/tests/aes_interrupt_encryption_test.c	O233__aes_interrupt_encryption_test.c	verification
O234	opentitan	bc1910f4505346dbef000155530fd5a68c60e889	sw/device/tests/aes_masking_off_test.c	O234__aes_masking_off_test.c	verification
O235	opentitan	bc1910f4505346dbef000155530fd5a68c60e889	sw/device/tests/aes_prng_reseed_test.c	O235__aes_prng_reseed_test.c	verification
O236	opentitan	bc1910f4505346dbef000155530fd5a68c60e889	sw/device/tests/aes_smoketest.c	O236__aes_smoketest.c	verification
O237	opentitan	bc1910f4505346dbef000155530fd5a68c60e889	sw/device/tests/aes_stall_test.c	O237__aes_stall_test.c	verification
O238	opentitan	bc1910f4505346dbef000155530fd5a68c60e889	sw/device/tests/alert_handler_escalation_test.c	O238__alert_handler_escalation_test.c	verification
O239	opentitan	bc1910f4505346dbef000155530fd5a68c60e889	sw/device/tests/alert_handler_lpg_clkoff_test.c	O239__alert_handler_lpg_clkoff_test.c	verification
O240	opentitan	bc1910f4505346dbef000155530fd5a68c60e889	sw/device/tests/alert_handler_lpg_reset_toggle.c	O240__alert_handler_lpg_reset_toggle.c	verification
O241	opentitan	bc1910f4505346dbef000155530fd5a68c60e889	sw/device/tests/alert_handler_lpg_sleep_mode_pings.c	O241__alert_handler_lpg_sleep_mode_pings.c	verification
O242	opentitan	bc1910f4505346dbef000155530fd5a68c60e889	sw/device/tests/alert_handler_ping_ok_test.c	O242__alert_handler_ping_ok_test.c	verification
O243	opentitan	bc1910f4505346dbef000155530fd5a68c60e889	sw/device/tests/alert_handler_ping_timeout_test.c	O243__alert_handler_ping_timeout_test.c	verification
O244	opentitan	bc1910f4505346dbef000155530fd5a68c60e889	sw/device/tests/alert_handler_reverse_ping_in_deep_sleep_test.c	O244__alert_handler_reverse_ping_in_deep_sleep_test.c	verification
O245	opentitan	bc1910f4505346dbef000155530fd5a68c60e889	sw/device/tests/aon_timer_irq_test.c	O245__aon_timer_irq_test.c	verification
O246	opentitan	bc1910f4505346dbef000155530fd5a68c60e889	sw/device/tests/aon_timer_sleep_wdog_sleep_pause_test.c	O246__aon_timer_sleep_wdog_sleep_pause_test.c	verification
O247	opentitan	bc1910f4505346dbef000155530fd5a68c60e889	sw/device/tests/aon_timer_smoketest.c	O247__aon_timer_smoketest.c	verification
O248	opentitan	bc1910f4505346dbef000155530fd5a68c60e889	sw/device/tests/aon_timer_wdog_bite_reset_test.c	O248__aon_timer_wdog_bite_reset_test.c	verification
O249	opentitan	bc1910f4505346dbef000155530fd5a68c60e889	sw/device/tests/aon_timer_wdog_lc_escalate_test.c	O249__aon_timer_wdog_lc_escalate_test.c	verification
O250	opentitan	bc1910f4505346dbef000155530fd5a68c60e889	sw/device/tests/ast_clk_outs_test.c	O250__ast_clk_outs_test.c	verification
O251	opentitan	bc1910f4505346dbef000155530fd5a68c60e889	sw/device/tests/chip_power_idle_load_test.c	O251__chip_power_idle_load_test.c	verification
O252	opentitan	bc1910f4505346dbef000155530fd5a68c60e889	sw/device/tests/chip_power_sleep_load_test.c	O252__chip_power_sleep_load_test.c	verification
O253	opentitan	bc1910f4505346dbef000155530fd5a68c60e889	sw/device/tests/clkmgr_external_clk_src_for_sw_fast_test.c	O253__clkmgr_external_clk_src_for_sw_fast_test.c	verification
O254	opentitan	bc1910f4505346dbef000155530fd5a68c60e889	sw/device/tests/clkmgr_external_clk_src_for_sw_impl.c	O254__clkmgr_external_clk_src_for_sw_impl.c	verification
O255	opentitan	bc1910f4505346dbef000155530fd5a68c60e889	sw/device/tests/clkmgr_external_clk_src_for_sw_impl.h	O255__clkmgr_external_clk_src_for_sw_impl.h	verification
O256	opentitan	bc1910f4505346dbef000155530fd5a68c60e889	sw/device/tests/clkmgr_external_clk_src_for_sw_slow_test.c	O256__clkmgr_external_clk_src_for_sw_slow_test.c	verification
O257	opentitan	bc1910f4505346dbef000155530fd5a68c60e889	sw/device/tests/clkmgr_jitter_frequency_test.c	O257__clkmgr_jitter_frequency_test.c	verification
O258	opentitan	bc1910f4505346dbef000155530fd5a68c60e889	sw/device/tests/clkmgr_jitter_test.c	O258__clkmgr_jitter_test.c	verification
O259	opentitan	bc1910f4505346dbef000155530fd5a68c60e889	sw/device/tests/clkmgr_off_aes_trans_test.c	O259__clkmgr_off_aes_trans_test.c	verification
O260	opentitan	bc1910f4505346dbef000155530fd5a68c60e889	sw/device/tests/clkmgr_off_hmac_trans_test.c	O260__clkmgr_off_hmac_trans_test.c	verification
O261	opentitan	bc1910f4505346dbef000155530fd5a68c60e889	sw/device/tests/clkmgr_off_kmac_trans_test.c	O261__clkmgr_off_kmac_trans_test.c	verification
O262	opentitan	bc1910f4505346dbef000155530fd5a68c60e889	sw/device/tests/clkmgr_off_otbn_trans_test.c	O262__clkmgr_off_otbn_trans_test.c	verification
O263	opentitan	bc1910f4505346dbef000155530fd5a68c60e889	sw/device/tests/clkmgr_off_peri_test.c	O263__clkmgr_off_peri_test.c	verification
O264	opentitan	bc1910f4505346dbef000155530fd5a68c60e889	sw/device/tests/clkmgr_off_trans_impl.c	O264__clkmgr_off_trans_impl.c	verification
O265	opentitan	bc1910f4505346dbef000155530fd5a68c60e889	sw/device/tests/clkmgr_off_trans_impl.h	O265__clkmgr_off_trans_impl.h	verification
O266	opentitan	bc1910f4505346dbef000155530fd5a68c60e889	sw/device/tests/clkmgr_reset_frequency_test.c	O266__clkmgr_reset_frequency_test.c	verification
O267	opentitan	bc1910f4505346dbef000155530fd5a68c60e889	sw/device/tests/clkmgr_sleep_frequency_test.c	O267__clkmgr_sleep_frequency_test.c	verification
O268	opentitan	bc1910f4505346dbef000155530fd5a68c60e889	sw/device/tests/clkmgr_smoketest.c	O268__clkmgr_smoketest.c	verification
O269	opentitan	bc1910f4505346dbef000155530fd5a68c60e889	sw/device/tests/crt_test.c	O269__crt_test.c	verification
O270	opentitan	bc1910f4505346dbef000155530fd5a68c60e889	sw/device/tests/csrng_edn_concurrency_test.c	O270__csrng_edn_concurrency_test.c	verification
O271	opentitan	bc1910f4505346dbef000155530fd5a68c60e889	sw/device/tests/csrng_kat_test.c	O271__csrng_kat_test.c	verification
O272	opentitan	bc1910f4505346dbef000155530fd5a68c60e889	sw/device/tests/csrng_smoketest.c	O272__csrng_smoketest.c	verification
O273	opentitan	bc1910f4505346dbef000155530fd5a68c60e889	sw/device/tests/dma_abort.c	O273__dma_abort.c	verification
O274	opentitan	bc1910f4505346dbef000155530fd5a68c60e889	sw/device/tests/dma_inline_hashing.c	O274__dma_inline_hashing.c	verification
O275	opentitan	bc1910f4505346dbef000155530fd5a68c60e889	sw/device/tests/edn_auto_mode.c	O275__edn_auto_mode.c	verification
O276	opentitan	bc1910f4505346dbef000155530fd5a68c60e889	sw/device/tests/edn_boot_mode.c	O276__edn_boot_mode.c	verification
O277	opentitan	bc1910f4505346dbef000155530fd5a68c60e889	sw/device/tests/edn_kat.c	O277__edn_kat.c	verification
O278	opentitan	bc1910f4505346dbef000155530fd5a68c60e889	sw/device/tests/edn_sw_mode.c	O278__edn_sw_mode.c	verification
O279	opentitan	bc1910f4505346dbef000155530fd5a68c60e889	sw/device/tests/entropy_src_ast_rng_req_test.c	O279__entropy_src_ast_rng_req_test.c	verification
O280	opentitan	bc1910f4505346dbef000155530fd5a68c60e889	sw/device/tests/entropy_src_bypass_mode_health_test.c	O280__entropy_src_bypass_mode_health_test.c	verification
O281	opentitan	bc1910f4505346dbef000155530fd5a68c60e889	sw/device/tests/entropy_src_csrng_test.c	O281__entropy_src_csrng_test.c	verification
O282	opentitan	bc1910f4505346dbef000155530fd5a68c60e889	sw/device/tests/entropy_src_edn_reqs_test.c	O282__entropy_src_edn_reqs_test.c	verification
O283	opentitan	bc1910f4505346dbef000155530fd5a68c60e889	sw/device/tests/entropy_src_fips_mode_health_test.c	O283__entropy_src_fips_mode_health_test.c	verification
O284	opentitan	bc1910f4505346dbef000155530fd5a68c60e889	sw/doc/build_software.md	O284__build_software.md	documentation
O285	opentitan	bc1910f4505346dbef000155530fd5a68c60e889	sw/host/README.md	O285__README.md	software
O286	opentitan	bc1910f4505346dbef000155530fd5a68c60e889	util/README.md	O286__README.md	tooling
O287	opentitan	bc1910f4505346dbef000155530fd5a68c60e889	util/autogen_banner.py	O287__autogen_banner.py	tooling
O288	opentitan	bc1910f4505346dbef000155530fd5a68c60e889	util/autogen_dif.py	O288__autogen_dif.py	tooling
O289	opentitan	bc1910f4505346dbef000155530fd5a68c60e889	util/bfv_decoder.c	O289__bfv_decoder.c	tooling
O290	opentitan	bc1910f4505346dbef000155530fd5a68c60e889	util/build_consts.sh	O290__build_consts.sh	tooling
O291	opentitan	bc1910f4505346dbef000155530fd5a68c60e889	util/build_info.py	O291__build_info.py	tooling
O292	opentitan	bc1910f4505346dbef000155530fd5a68c60e889	util/build_info_test.py	O292__build_info_test.py	verification
O293	opentitan	bc1910f4505346dbef000155530fd5a68c60e889	util/check-blockfile.sh	O293__check-blockfile.sh	tooling
O294	opentitan	bc1910f4505346dbef000155530fd5a68c60e889	util/cmdgen.py	O294__cmdgen.py	tooling
O295	opentitan	bc1910f4505346dbef000155530fd5a68c60e889	util/cryptolib_build_info.py	O295__cryptolib_build_info.py	tooling
O296	opentitan	bc1910f4505346dbef000155530fd5a68c60e889	util/diff_generated_util_output.py	O296__diff_generated_util_output.py	tooling
O297	opentitan	bc1910f4505346dbef000155530fd5a68c60e889	util/dttool.py	O297__dttool.py	tooling
O298	opentitan	bc1910f4505346dbef000155530fd5a68c60e889	util/fix_include_guard.py	O298__fix_include_guard.py	tooling
O299	opentitan	bc1910f4505346dbef000155530fd5a68c60e889	util/fix_trailing_whitespace.py	O299__fix_trailing_whitespace.py	tooling
O300	opentitan	bc1910f4505346dbef000155530fd5a68c60e889	util/fpvgen.py	O300__fpvgen.py	tooling
