id	category	user_question	search_round_questions	standard_answer	expected_paths	required_quote	allowed_search_terms	expected_match_ids	max_expansions	stop_condition	review_status	reviewer
Q001	file-path-symbol	哪个 RTL 文件定义了 VX_cluster 模块？	"[""哪个 RTL 文件定义了 VX_cluster 模块？""]"	VX_cluster 模块定义在 hw/rtl/VX_cluster.sv。	hw/rtl/VX_cluster.sv	module VX_cluster import VX_gpu_pkg::*;	VX_cluster;module	V026	1	找到模块声明及其Path即可停止	SOURCE_VERIFIED	Codex/source-check
Q002	file-path-symbol	哪个 RTL 文件定义了 VX_socket 模块？	"[""哪个 RTL 文件定义了 VX_socket 模块？""]"	VX_socket 模块定义在 hw/rtl/VX_socket.sv。	hw/rtl/VX_socket.sv	module VX_socket import VX_gpu_pkg::*;	VX_socket;module	V029	1	找到模块声明及其Path即可停止	SOURCE_VERIFIED	Codex/source-check
Q003	file-path-symbol	哪个 RTL 文件定义了 Vortex 模块？	"[""哪个 RTL 文件定义了 Vortex 模块？""]"	Vortex 模块定义在 hw/rtl/Vortex.sv。	hw/rtl/Vortex.sv	module Vortex import VX_gpu_pkg::*, VX_trace_pkg::*; (	Vortex;module	V030	1	找到模块声明及其Path即可停止	SOURCE_VERIFIED	Codex/source-check
Q004	file-path-symbol	哪个 RTL 文件定义了 Vortex_axi 模块？	"[""哪个 RTL 文件定义了 Vortex_axi 模块？""]"	Vortex_axi 模块定义在 hw/rtl/Vortex_axi.sv。	hw/rtl/Vortex_axi.sv	module Vortex_axi import VX_gpu_pkg::*; #(	Vortex_axi;module	V031	1	找到模块声明及其Path即可停止	SOURCE_VERIFIED	Codex/source-check
Q005	file-path-symbol	哪个 RTL 文件定义了 VX_cache 模块？	"[""哪个 RTL 文件定义了 VX_cache 模块？""]"	VX_cache 模块定义在 hw/rtl/cache/VX_cache.sv。	hw/rtl/cache/VX_cache.sv	module VX_cache import VX_gpu_pkg::*; #(	VX_cache;module	V032	1	找到模块声明及其Path即可停止	SOURCE_VERIFIED	Codex/source-check
Q006	file-path-symbol	哪个 RTL 文件定义了 VX_cache_amo 模块？	"[""哪个 RTL 文件定义了 VX_cache_amo 模块？""]"	VX_cache_amo 模块定义在 hw/rtl/cache/VX_cache_amo.sv。	hw/rtl/cache/VX_cache_amo.sv	module VX_cache_amo import VX_gpu_pkg::*; #(	VX_cache_amo;module	V033	1	找到模块声明及其Path即可停止	SOURCE_VERIFIED	Codex/source-check
Q007	file-path-symbol	哪个 RTL 文件定义了 VX_cache_flush 模块？	"[""哪个 RTL 文件定义了 VX_cache_flush 模块？""]"	VX_cache_flush 模块定义在 hw/rtl/cache/VX_cache_flush.sv。	hw/rtl/cache/VX_cache_flush.sv	module VX_cache_flush import VX_gpu_pkg::*; #(	VX_cache_flush;module	V034	1	找到模块声明及其Path即可停止	SOURCE_VERIFIED	Codex/source-check
Q008	file-path-symbol	哪个 RTL 文件定义了 VX_alu_unit 模块？	"[""哪个 RTL 文件定义了 VX_alu_unit 模块？""]"	VX_alu_unit 模块定义在 hw/rtl/core/VX_alu_unit.sv。	hw/rtl/core/VX_alu_unit.sv	module VX_alu_unit import VX_gpu_pkg::*; #(	VX_alu_unit;module	V035	1	找到模块声明及其Path即可停止	SOURCE_VERIFIED	Codex/source-check
Q009	file-path-symbol	哪个 RTL 文件定义了 VX_bar_unit 模块？	"[""哪个 RTL 文件定义了 VX_bar_unit 模块？""]"	VX_bar_unit 模块定义在 hw/rtl/core/VX_bar_unit.sv。	hw/rtl/core/VX_bar_unit.sv	module VX_bar_unit import VX_gpu_pkg::*; #(	VX_bar_unit;module	V036	1	找到模块声明及其Path即可停止	SOURCE_VERIFIED	Codex/source-check
Q010	file-path-symbol	哪个 RTL 文件定义了 VX_commit 模块？	"[""哪个 RTL 文件定义了 VX_commit 模块？""]"	VX_commit 模块定义在 hw/rtl/core/VX_commit.sv。	hw/rtl/core/VX_commit.sv	module VX_commit import VX_gpu_pkg::*; #(	VX_commit;module	V037	1	找到模块声明及其Path即可停止	SOURCE_VERIFIED	Codex/source-check
Q011	file-path-symbol	哪个 RTL 文件定义了 VX_core 模块？	"[""哪个 RTL 文件定义了 VX_core 模块？""]"	VX_core 模块定义在 hw/rtl/core/VX_core.sv。	hw/rtl/core/VX_core.sv	module VX_core import VX_gpu_pkg::*; #(	VX_core;module	V038	1	找到模块声明及其Path即可停止	SOURCE_VERIFIED	Codex/source-check
Q012	file-path-symbol	哪个 RTL 文件定义了 VX_csr_data 模块？	"[""哪个 RTL 文件定义了 VX_csr_data 模块？""]"	VX_csr_data 模块定义在 hw/rtl/core/VX_csr_data.sv。	hw/rtl/core/VX_csr_data.sv	module VX_csr_data	VX_csr_data;module	V039	1	找到模块声明及其Path即可停止	SOURCE_VERIFIED	Codex/source-check
Q013	file-path-symbol	哪个 RTL 文件定义了 VX_cta_dispatch 模块？	"[""哪个 RTL 文件定义了 VX_cta_dispatch 模块？""]"	VX_cta_dispatch 模块定义在 hw/rtl/core/VX_cta_dispatch.sv。	hw/rtl/core/VX_cta_dispatch.sv	module VX_cta_dispatch import VX_gpu_pkg::*; #(	VX_cta_dispatch;module	V040	1	找到模块声明及其Path即可停止	SOURCE_VERIFIED	Codex/source-check
Q014	file-path-symbol	哪个 RTL 文件定义了 VX_decode 模块？	"[""哪个 RTL 文件定义了 VX_decode 模块？""]"	VX_decode 模块定义在 hw/rtl/core/VX_decode.sv。	hw/rtl/core/VX_decode.sv	module VX_decode import	VX_decode;module	V041	1	找到模块声明及其Path即可停止	SOURCE_VERIFIED	Codex/source-check
Q015	file-path-symbol	哪个 RTL 文件定义了 VX_execute 模块？	"[""哪个 RTL 文件定义了 VX_execute 模块？""]"	VX_execute 模块定义在 hw/rtl/core/VX_execute.sv。	hw/rtl/core/VX_execute.sv	module VX_execute import VX_gpu_pkg::*; #(	VX_execute;module	V042	1	找到模块声明及其Path即可停止	SOURCE_VERIFIED	Codex/source-check
Q016	chinese-natural-language	Vortex 对 RISC-V A 扩展的原子内存操作支持覆盖哪些内容？	"[""Vortex 对 RISC-V A 扩展的原子内存操作支持覆盖哪些内容？""]"	"**Scope:** the Vortex implementation of the RISC-V ""A"" extension (atomic memory operations: `LR`/`SC` and `AMOSWAP/ADD/AND/OR/XOR/MIN/MAX` with signed/unsigned min-max, `.W` and `.D` widths). Covers the RTL ([`hw/rtl/cache/VX_amo_unit.sv`](../../hw/rtl/cache/VX_amo_unit.sv), [`VX_amo_alu.sv`](../../hw/rtl/cache/VX_amo_alu.sv) + the cache-bank / LSU integration) and the SimX model ([`sim/simx/amo/`](../../sim/simx/amo/))."	docs/designs/atomic_memory_operations.md	"**Scope:** the Vortex implementation of the RISC-V ""A"" extension (atomic memory operations: `LR`/`SC` and `AMOSWAP/ADD/AND/OR/XOR/MIN/MAX` with signed/unsigned min-max, `.W` and `.D` widths). Covers the RTL ([`hw/rtl/cache/VX_amo_unit.sv`](../../hw/rtl/cache/VX_amo_unit.sv), [`VX_amo_alu.sv`](../../hw/rtl/cache/VX_amo_alu.sv) + the cache-bank / LSU integration) and the SimX model ([`sim/simx/amo/`](../../sim/simx/amo/))."	atomic memory;LR SC;AMO	V007	1	证据足以直接回答问题即可停止	SOURCE_VERIFIED	Codex/source-check
Q017	chinese-natural-language	Vortex 的缓存 flush 在这里具体指什么？	"[""Vortex 的缓存 flush 在这里具体指什么？""]"	The cache flush machinery implements whole-cache invalidate-and-writeback plus the reset-time tag initialization. SimX models flush as a one-line `flush_begin()` walk; this document covers the RTL.	docs/designs/cache_flush_architecture.md	The cache flush machinery implements whole-cache invalidate-and-writeback plus the reset-time tag initialization. SimX models flush as a one-line `flush_begin()` walk; this document covers the RTL.	cache flush;invalidate;writeback	V008	1	证据足以直接回答问题即可停止	SOURCE_VERIFIED	Codex/source-check
Q018	chinese-natural-language	Vortex 缓存子系统的主要特性在哪里说明？	"[""Vortex 缓存子系统的主要特性在哪里说明？""]"	The Vortex cache subsystem has the following main properties:	docs/designs/cache_subsystem.md	The Vortex cache subsystem has the following main properties:	cache subsystem;cache geometry	V009	1	证据足以直接回答问题即可停止	SOURCE_VERIFIED	Codex/source-check
Q019	chinese-natural-language	Vortex Command Processor 的控制平面由哪些部分组成？	"[""Vortex Command Processor 的控制平面由哪些部分组成？""]"	**Scope:** the Vortex Command Processor control plane — the hardware ([`hw/rtl/cp/`](../../hw/rtl/cp/)), its functional twin used by the simulators ([`sim/common/cmd_processor.cpp`](../../sim/common/cmd_processor.cpp)), and the async runtime that drives it ([`sw/runtime/include/vortex2.h`](../../sw/runtime/include/vortex2.h)).	docs/designs/command_processor.md	**Scope:** the Vortex Command Processor control plane — the hardware ([`hw/rtl/cp/`](../../hw/rtl/cp/)), its functional twin used by the simulators ([`sim/common/cmd_processor.cpp`](../../sim/common/cmd_processor.cpp)), and the async runtime that drives it ([`sw/runtime/include/vortex2.h`](../../sw/runtime/include/vortex2.h)).	Command Processor;control plane	V010	1	证据足以直接回答问题即可停止	SOURCE_VERIFIED	Codex/source-check
Q020	chinese-natural-language	Vortex 如何支持 RISC-V 压缩指令？	"[""Vortex 如何支持 RISC-V 压缩指令？""]"	"**Scope:** Vortex support for the RISC-V ""C"" (compressed) extension — the front-end decompressor that expands 16-bit instructions to 32-bit, in both RTL ([`hw/rtl/core/VX_decompressor.sv`](../../hw/rtl/core/VX_decompressor.sv)) and SimX ([`sim/simx/decompressor.{cpp,h}`](../../sim/simx/decompressor.cpp))."	docs/designs/compressed_instruction_support.md	"**Scope:** Vortex support for the RISC-V ""C"" (compressed) extension — the front-end decompressor that expands 16-bit instructions to 32-bit, in both RTL ([`hw/rtl/core/VX_decompressor.sv`](../../hw/rtl/core/VX_decompressor.sv)) and SimX ([`sim/simx/decompressor.{cpp,h}`](../../sim/simx/decompressor.cpp))."	compressed instruction;decompressor	V011	1	证据足以直接回答问题即可停止	SOURCE_VERIFIED	Codex/source-check
Q021	chinese-natural-language	Vortex 的 CTA 是怎样生成并分派到核心的？	"[""Vortex 的 CTA 是怎样生成并分派到核心的？""]"	**Scope:** how cooperative-thread-arrays (CTAs / threadblocks) are generated by the KMU and dispatched to cores, and the **clustering** mechanism that places the K CTAs of a cluster contiguously in local memory so they can cooperate (notably for DXA multicast). Covers the RTL ([`hw/rtl/VX_kmu.sv`](../../hw/rtl/VX_kmu.sv), [`hw/rtl/core/VX_cta_dispatch.sv`](../../hw/rtl/core/VX_cta_dispatch.sv)), the SimX model ([`sim/simx/kmu/`](../../sim/simx/kmu/), [`sim/simx/cta_dispatcher.cpp`](../../sim/simx/cta_dispatcher.cpp)), and the SW surface.	docs/designs/cta_clustering_and_dispatch.md	**Scope:** how cooperative-thread-arrays (CTAs / threadblocks) are generated by the KMU and dispatched to cores, and the **clustering** mechanism that places the K CTAs of a cluster contiguously in local memory so they can cooperate (notably for DXA multicast). Covers the RTL ([`hw/rtl/VX_kmu.sv`](../../hw/rtl/VX_kmu.sv), [`hw/rtl/core/VX_cta_dispatch.sv`](../../hw/rtl/core/VX_cta_dispatch.sv)), the SimX model ([`sim/simx/kmu/`](../../sim/simx/kmu/), [`sim/simx/cta_dispatcher.cpp`](../../sim/simx/cta_dispatcher.cpp)), and the SW surface.	CTA;KMU;dispatch	V012	1	证据足以直接回答问题即可停止	SOURCE_VERIFIED	Codex/source-check
Q022	chinese-natural-language	给 Vortex 添加自定义加速器时，SIMT 参数传递为什么是关键问题？	"[""给 Vortex 添加自定义加速器时，SIMT 参数传递为什么是关键问题？""]"	**Scope:** how to add a fixed-function accelerator to Vortex and give it a *good* SIMT-visible ISA. The hard part is almost never the accelerator's datapath — it is the **interface**: how a warp passes arguments in and gets results out, cheaply. This guide captures the patterns that make a custom `CUSTOM*` opcode efficient and the mistakes that make one expensive. It applies to any accelerator — a tensor core, a DMA/copy engine, a codec, a crypto unit, a sort/scan unit, a traversal engine.	docs/designs/custom_accelerator_isa_extensions.md	**Scope:** how to add a fixed-function accelerator to Vortex and give it a *good* SIMT-visible ISA. The hard part is almost never the accelerator's datapath — it is the **interface**: how a warp passes arguments in and gets results out, cheaply. This guide captures the patterns that make a custom `CUSTOM*` opcode efficient and the mistakes that make one expensive. It applies to any accelerator — a tensor core, a DMA/copy engine, a codec, a crypto unit, a sort/scan unit, a traversal engine.	custom accelerator;argument;SIMT	V013	1	证据足以直接回答问题即可停止	SOURCE_VERIFIED	Codex/source-check
Q023	chinese-natural-language	DXA 在 Vortex 中承担什么工作？	"[""DXA 在 Vortex 中承担什么工作？""]"	**Scope:** the Vortex DXA engine — an NVIDIA-Hopper-TMA-style asynchronous bulk-copy and multicast unit. Covers the RTL ([`hw/rtl/dxa/`](../../hw/rtl/dxa/)), the SimX model ([`sim/simx/dxa/`](../../sim/simx/dxa/)), and the SW surface ([`sw/kernel/include/vx_dxa.h`](../../sw/kernel/include/vx_dxa.h), [`sw/runtime/include/dxa.h`](../../sw/runtime/include/dxa.h)).	docs/designs/dxa_async_copy_multicast.md	**Scope:** the Vortex DXA engine — an NVIDIA-Hopper-TMA-style asynchronous bulk-copy and multicast unit. Covers the RTL ([`hw/rtl/dxa/`](../../hw/rtl/dxa/)), the SimX model ([`sim/simx/dxa/`](../../sim/simx/dxa/)), and the SW surface ([`sw/kernel/include/vx_dxa.h`](../../sw/kernel/include/vx_dxa.h), [`sw/runtime/include/dxa.h`](../../sw/runtime/include/dxa.h)).	DXA;async copy;multicast	V014	1	证据足以直接回答问题即可停止	SOURCE_VERIFIED	Codex/source-check
Q024	chinese-natural-language	Vortex 浮点单元覆盖哪些精度和后端？	"[""Vortex 浮点单元覆盖哪些精度和后端？""]"	**Scope:** logical/architectural design of the in-house Vortex floating-point unit, covering **both single-precision (F32) and double-precision (F64)** across the two native backends — `VX_fpu_std` (generic RTL / ASIC) and `VX_fpu_dsp` (FPGA vendor-DSP inference). The arithmetic leaf units ([VX_fma_unit.sv](../../hw/rtl/fpu/VX_fma_unit.sv), [VX_fdivsqrt_unit.sv](../../hw/rtl/fpu/VX_fdivsqrt_unit.sv), [VX_fcvt_unit.sv](../../hw/rtl/fpu/VX_fcvt_unit.sv), [VX_fncp_unit.sv](../../hw/rtl/fpu/VX_fncp_unit.sv)) are format-parameterized and shared by both backends. The implementation is Verilog, but the design — which op classes get dedicated vs shared datapaths, how F32 and F64 coexist, how formats are unpacked/rounded — is implementation-agnostic.	docs/designs/floating_point_unit.md	**Scope:** logical/architectural design of the in-house Vortex floating-point unit, covering **both single-precision (F32) and double-precision (F64)** across the two native backends — `VX_fpu_std` (generic RTL / ASIC) and `VX_fpu_dsp` (FPGA vendor-DSP inference). The arithmetic leaf units ([VX_fma_unit.sv](../../hw/rtl/fpu/VX_fma_unit.sv), [VX_fdivsqrt_unit.sv](../../hw/rtl/fpu/VX_fdivsqrt_unit.sv), [VX_fcvt_unit.sv](../../hw/rtl/fpu/VX_fcvt_unit.sv), [VX_fncp_unit.sv](../../hw/rtl/fpu/VX_fncp_unit.sv)) are format-parameterized and shared by both backends. The implementation is Verilog, but the design — which op classes get dedicated vs shared datapaths, how F32 and F64 coexist, how formats are unpacked/rounded — is implementation-agnostic.	FPU;F32;F64	V015	1	证据足以直接回答问题即可停止	SOURCE_VERIFIED	Codex/source-check
Q025	chinese-natural-language	Vortex 图形硬件栈包含哪些固定功能模块？	"[""Vortex 图形硬件栈包含哪些固定功能模块？""]"	**Scope:** the Vortex graphics fixed-function (FF) hardware — the rasterizer (RASTER), the texture sampler (TEX), and the output-merger / ROP (OM) — plus the SIMT-side plumbing that binds them (the fragment dispatch path and the shared graphics register window). Covers the RTL ([`hw/rtl/raster/`](../../hw/rtl/raster/), [`hw/rtl/tex/`](../../hw/rtl/tex/), [`hw/rtl/om/`](../../hw/rtl/om/), [`hw/rtl/VX_graphics.sv`](../../hw/rtl/VX_graphics.sv)), the SimX models ([`sim/simx/raster/`](../../sim/simx/raster/), [`sim/simx/tex/`](../../sim/simx/tex/), [`sim/simx/om/`](../../sim/simx/om/)), and the kernel ABI.	docs/designs/graphics_hardware_stack.md	**Scope:** the Vortex graphics fixed-function (FF) hardware — the rasterizer (RASTER), the texture sampler (TEX), and the output-merger / ROP (OM) — plus the SIMT-side plumbing that binds them (the fragment dispatch path and the shared graphics register window). Covers the RTL ([`hw/rtl/raster/`](../../hw/rtl/raster/), [`hw/rtl/tex/`](../../hw/rtl/tex/), [`hw/rtl/om/`](../../hw/rtl/om/), [`hw/rtl/VX_graphics.sv`](../../hw/rtl/VX_graphics.sv)), the SimX models ([`sim/simx/raster/`](../../sim/simx/raster/), [`sim/simx/tex/`](../../sim/simx/tex/), [`sim/simx/om/`](../../sim/simx/om/)), and the kernel ABI.	RASTER;TEX;OM	V016	1	证据足以直接回答问题即可停止	SOURCE_VERIFIED	Codex/source-check
Q026	chinese-natural-language	Vortex 图形软件栈从应用到硬件包含哪些层次？	"[""Vortex 图形软件栈从应用到硬件包含哪些层次？""]"	**Scope:** a map of *where every graphics-related source lives* across the two repositories that make up the Vortex graphics stack, and how they compose from the Vulkan application down to the hardware. Covers the **mesa_vortex** vortexpipe driver and the **Vortex platform** (this tree: SDK software, SimX models, RTL). This is an orientation/index document; the per-layer detail lives in the companion docs.	docs/designs/graphics_software_stack.md	**Scope:** a map of *where every graphics-related source lives* across the two repositories that make up the Vortex graphics stack, and how they compose from the Vulkan application down to the hardware. Covers the **mesa_vortex** vortexpipe driver and the **Vortex platform** (this tree: SDK software, SimX models, RTL). This is an orientation/index document; the per-layer detail lives in the companion docs.	graphics software;Vulkan;hardware	V017	1	证据足以直接回答问题即可停止	SOURCE_VERIFIED	Codex/source-check
Q027	chinese-natural-language	一个 Vortex 二进制如何容纳多个命名 kernel？	"[""一个 Vortex 二进制如何容纳多个命名 kernel？""]"	**Scope:** how a Vortex kernel binary is entered — the unified CTA prologue, the `.weak kernel_main` model, and the multi-entry `.vxbin` symbol-table mechanism that lets one binary hold several named kernels (the device-side foundation for PoCL / multi-kernel programs). Covers [`sw/kernel/src/vx_start.S`](../../sw/kernel/src/vx_start.S), [`sw/kernel/scripts/vxbin.py`](../../sw/kernel/scripts/vxbin.py), the link scripts, and [`sw/runtime/common/module.cpp`](../../sw/runtime/common/module.cpp).	docs/designs/kernel_entry_and_dispatch.md	**Scope:** how a Vortex kernel binary is entered — the unified CTA prologue, the `.weak kernel_main` model, and the multi-entry `.vxbin` symbol-table mechanism that lets one binary hold several named kernels (the device-side foundation for PoCL / multi-kernel programs). Covers [`sw/kernel/src/vx_start.S`](../../sw/kernel/src/vx_start.S), [`sw/kernel/scripts/vxbin.py`](../../sw/kernel/scripts/vxbin.py), the link scripts, and [`sw/runtime/common/module.cpp`](../../sw/runtime/common/module.cpp).	vxbin;kernel entry;symbol table	V018	1	证据足以直接回答问题即可停止	SOURCE_VERIFIED	Codex/source-check
Q028	chinese-natural-language	Vortex LSU 的 RTL 设计由哪些主要模块构成？	"[""Vortex LSU 的 RTL 设计由哪些主要模块构成？""]"	**Scope:** logical/architectural design embodied by the RTL LSU ([VX_lsu_slice.sv](../../hw/rtl/core/VX_lsu_slice.sv) + [VX_mem_scheduler.sv](../../hw/rtl/libs/VX_mem_scheduler.sv)). The implementation is Verilog, but the design itself — pipeline structure, queueing discipline, response tracking — is implementation-agnostic and could be reproduced in C++ or any other substrate.	docs/designs/lsu_pipeline_design.md	**Scope:** logical/architectural design embodied by the RTL LSU ([VX_lsu_slice.sv](../../hw/rtl/core/VX_lsu_slice.sv) + [VX_mem_scheduler.sv](../../hw/rtl/libs/VX_mem_scheduler.sv)). The implementation is Verilog, but the design itself — pipeline structure, queueing discipline, response tracking — is implementation-agnostic and could be reproduced in C++ or any other substrate.	LSU;VX_lsu_slice;VX_mem_scheduler	V019	1	证据足以直接回答问题即可停止	SOURCE_VERIFIED	Codex/source-check
Q029	chinese-natural-language	Vortex 如何让 AMO、flush 等属性通过共享内存总线传递？	"[""Vortex 如何让 AMO、flush 等属性通过共享内存总线传递？""]"	**Scope:** the opaque per-request **memory-bus attribute** system (`mem_bus_attr_t`) that lets feature-specific sidebands (AMO, flush, IO/LMEM routing) ride the shared memory fabric without contaminating the reusable library IP. This is what keeps [`hw/rtl/libs/VX_mem_scheduler.sv`](../../hw/rtl/libs/VX_mem_scheduler.sv) and [`VX_mem_coalescer.sv`](../../hw/rtl/libs/VX_mem_coalescer.sv) feature-agnostic.	docs/designs/memory_fabric_attributes.md	**Scope:** the opaque per-request **memory-bus attribute** system (`mem_bus_attr_t`) that lets feature-specific sidebands (AMO, flush, IO/LMEM routing) ride the shared memory fabric without contaminating the reusable library IP. This is what keeps [`hw/rtl/libs/VX_mem_scheduler.sv`](../../hw/rtl/libs/VX_mem_scheduler.sv) and [`VX_mem_coalescer.sv`](../../hw/rtl/libs/VX_mem_coalescer.sv) feature-agnostic.	mem_bus_attr_t;memory bus;sideband	V020	1	证据足以直接回答问题即可停止	SOURCE_VERIFIED	Codex/source-check
Q030	chinese-natural-language	Vortex 使用什么 GPU 执行模型？	"[""Vortex 使用什么 GPU 执行模型？""]"	Vortex uses the SIMT (Single Instruction, Multiple Threads) execution model with a single warp issued per cycle.	docs/designs/microarchitecture.md	Vortex uses the SIMT (Single Instruction, Multiple Threads) execution model with a single warp issued per cycle.	SIMT;warp	V021	1	证据足以直接回答问题即可停止	SOURCE_VERIFIED	Codex/source-check
Q031	late-file	Building the Vortex Toolchain from Source 文档后部是否包含“Packaging and installing prebuilt bundles”这一部分？	"[""Building the Vortex Toolchain from Source 文档后部是否包含“Packaging and installing prebuilt bundles”这一部分？""]"	是，文档后部包含“Packaging and installing prebuilt bundles”部分。	docs/building_toolchain.md	Packaging and installing prebuilt bundles	Packaging and installing prebuilt bundles;building_toolchain	V003	2	找到文档后部对应标题即可停止	SOURCE_VERIFIED	Codex/source-check
Q032	late-file	Debugging Vortex GPU 文档后部是否包含“SAIF trace for power analysis”这一部分？	"[""Debugging Vortex GPU 文档后部是否包含“SAIF trace for power analysis”这一部分？""]"	是，文档后部包含“SAIF trace for power analysis”部分。	docs/debugging.md	SAIF trace for power analysis	SAIF trace for power analysis;debugging	V006	2	找到文档后部对应标题即可停止	SOURCE_VERIFIED	Codex/source-check
Q033	late-file	Atomic Memory Operations (RVA) — Design 文档后部是否包含“7. Source proposals”这一部分？	"[""Atomic Memory Operations (RVA) — Design 文档后部是否包含“7. Source proposals”这一部分？""]"	是，文档后部包含“7. Source proposals”部分。	docs/designs/atomic_memory_operations.md	7. Source proposals	7. Source proposals;atomic_memory_operations	V007	2	找到文档后部对应标题即可停止	SOURCE_VERIFIED	Codex/source-check
Q034	late-file	Vortex Cache Flush Architecture 文档后部是否包含“5. Relationship to line-granular invalidation”这一部分？	"[""Vortex Cache Flush Architecture 文档后部是否包含“5. Relationship to line-granular invalidation”这一部分？""]"	是，文档后部包含“5. Relationship to line-granular invalidation”部分。	docs/designs/cache_flush_architecture.md	5. Relationship to line-granular invalidation	5. Relationship to line-granular invalidation;cache_flush_architecture	V008	2	找到文档后部对应标题即可停止	SOURCE_VERIFIED	Codex/source-check
Q035	late-file	Vortex Cache Subsystem 文档后部是否包含“Configuration parameters”这一部分？	"[""Vortex Cache Subsystem 文档后部是否包含“Configuration parameters”这一部分？""]"	是，文档后部包含“Configuration parameters”部分。	docs/designs/cache_subsystem.md	Configuration parameters	Configuration parameters;cache_subsystem	V009	2	找到文档后部对应标题即可停止	SOURCE_VERIFIED	Codex/source-check
Q036	late-file	Command Processor (CP) — Design 文档后部是否包含“11. Source proposals”这一部分？	"[""Command Processor (CP) — Design 文档后部是否包含“11. Source proposals”这一部分？""]"	是，文档后部包含“11. Source proposals”部分。	docs/designs/command_processor.md	11. Source proposals	11. Source proposals;command_processor	V010	2	找到文档后部对应标题即可停止	SOURCE_VERIFIED	Codex/source-check
Q037	late-file	RVC (Compressed Instructions) — Design 文档后部是否包含“6. Source proposal”这一部分？	"[""RVC (Compressed Instructions) — Design 文档后部是否包含“6. Source proposal”这一部分？""]"	是，文档后部包含“6. Source proposal”部分。	docs/designs/compressed_instruction_support.md	6. Source proposal	6. Source proposal;compressed_instruction_support	V011	2	找到文档后部对应标题即可停止	SOURCE_VERIFIED	Codex/source-check
Q038	late-file	CTA Clustering and Dispatch — Design 文档后部是否包含“7. Source proposals”这一部分？	"[""CTA Clustering and Dispatch — Design 文档后部是否包含“7. Source proposals”这一部分？""]"	是，文档后部包含“7. Source proposals”部分。	docs/designs/cta_clustering_and_dispatch.md	7. Source proposals	7. Source proposals;cta_clustering_and_dispatch	V012	2	找到文档后部对应标题即可停止	SOURCE_VERIFIED	Codex/source-check
Q039	late-file	Implementing a Custom Accelerator ISA Extension in Vortex — Design Guide 文档后部是否包含“9. Decision checklist”这一部分？	"[""Implementing a Custom Accelerator ISA Extension in Vortex — Design Guide 文档后部是否包含“9. Decision checklist”这一部分？""]"	是，文档后部包含“9. Decision checklist”部分。	docs/designs/custom_accelerator_isa_extensions.md	9. Decision checklist	9. Decision checklist;custom_accelerator_isa_extensions	V013	2	找到文档后部对应标题即可停止	SOURCE_VERIFIED	Codex/source-check
Q040	late-file	DXA — Direct eXecution Accelerator (Async Copy + Multicast) — Design 文档后部是否包含“8. Source proposals”这一部分？	"[""DXA — Direct eXecution Accelerator (Async Copy + Multicast) — Design 文档后部是否包含“8. Source proposals”这一部分？""]"	是，文档后部包含“8. Source proposals”部分。	docs/designs/dxa_async_copy_multicast.md	8. Source proposals	8. Source proposals;dxa_async_copy_multicast	V014	2	找到文档后部对应标题即可停止	SOURCE_VERIFIED	Codex/source-check
Q041	late-file	Vortex FPU Design (RTL) 文档后部是否包含“8. Verification & status”这一部分？	"[""Vortex FPU Design (RTL) 文档后部是否包含“8. Verification & status”这一部分？""]"	是，文档后部包含“8. Verification & status”部分。	docs/designs/floating_point_unit.md	8. Verification & status	8. Verification & status;floating_point_unit	V015	2	找到文档后部对应标题即可停止	SOURCE_VERIFIED	Codex/source-check
Q042	late-file	Graphics Hardware Stack (RASTER / TEX / OM) — Design 文档后部是否包含“9. Relationship to the true-GPU plan”这一部分？	"[""Graphics Hardware Stack (RASTER / TEX / OM) — Design 文档后部是否包含“9. Relationship to the true-GPU plan”这一部分？""]"	是，文档后部包含“9. Relationship to the true-GPU plan”部分。	docs/designs/graphics_hardware_stack.md	9. Relationship to the true-GPU plan	9. Relationship to the true-GPU plan;graphics_hardware_stack	V016	2	找到文档后部对应标题即可停止	SOURCE_VERIFIED	Codex/source-check
Q043	late-file	Vortex Graphics Software Stack — Design 文档后部是否包含“5. Single source of truth”这一部分？	"[""Vortex Graphics Software Stack — Design 文档后部是否包含“5. Single source of truth”这一部分？""]"	是，文档后部包含“5. Single source of truth”部分。	docs/designs/graphics_software_stack.md	5. Single source of truth	5. Single source of truth;graphics_software_stack	V017	2	找到文档后部对应标题即可停止	SOURCE_VERIFIED	Codex/source-check
Q044	late-file	Virtual Memory (MMU / TLB / PTW) — Design 文档后部是否包含“9. Source proposals”这一部分？	"[""Virtual Memory (MMU / TLB / PTW) — Design 文档后部是否包含“9. Source proposals”这一部分？""]"	是，文档后部包含“9. Source proposals”部分。	docs/designs/virtual_memory_subsystem.md	9. Source proposals	9. Source proposals;virtual_memory_subsystem	V024	2	找到文档后部对应标题即可停止	SOURCE_VERIFIED	Codex/source-check
Q045	late-file	Registers 文档后部是否包含“WKUP_CAUSE”这一部分？	"[""Registers 文档后部是否包含“WKUP_CAUSE”这一部分？""]"	是，文档后部包含“WKUP_CAUSE”部分。	hw/top_earlgrey/ip_autogen/pinmux/doc/registers.md	WKUP_CAUSE	WKUP_CAUSE;registers	O026	2	找到文档后部对应标题即可停止	SOURCE_VERIFIED	Codex/source-check
Q046	multi-document	要同时了解原子操作设计与多级缓存一致性，应该查看哪两份材料？	"[""请查找与“atomic_memory_operations”直接相关的资料和原文依据。"",""请查找与“multicache_amo_coherence”直接相关的资料和原文依据。""]"	应同时查看 docs/designs/atomic_memory_operations.md 和 docs/designs/multicache_amo_coherence.md。	docs/designs/atomic_memory_operations.md | docs/designs/multicache_amo_coherence.md	Atomic Memory Operations (RVA) — Design || Multi-Cache AMO Coherence — Design	atomic_memory_operations | multicache_amo_coherence	V007,V022	2	两个来源均已定位即可停止	SOURCE_VERIFIED	Codex/source-check
Q047	multi-document	要同时了解缓存刷新架构与对应 RTL 模块，应该查看哪两份材料？	"[""请查找与“cache_flush_architecture”直接相关的资料和原文依据。"",""请查找与“VX_cache_flush”直接相关的资料和原文依据。""]"	应同时查看 docs/designs/cache_flush_architecture.md 和 hw/rtl/cache/VX_cache_flush.sv。	docs/designs/cache_flush_architecture.md | hw/rtl/cache/VX_cache_flush.sv	Vortex Cache Flush Architecture || module VX_cache_flush import VX_gpu_pkg::*; #(	cache_flush_architecture | VX_cache_flush	V008,V034	2	两个来源均已定位即可停止	SOURCE_VERIFIED	Codex/source-check
Q048	multi-document	要同时了解缓存子系统说明与缓存 RTL，应该查看哪两份材料？	"[""请查找与“cache_subsystem”直接相关的资料和原文依据。"",""请查找与“VX_cache”直接相关的资料和原文依据。""]"	应同时查看 docs/designs/cache_subsystem.md 和 hw/rtl/cache/VX_cache.sv。	docs/designs/cache_subsystem.md | hw/rtl/cache/VX_cache.sv	Vortex Cache Subsystem || module VX_cache import VX_gpu_pkg::*; #(	cache_subsystem | VX_cache	V009,V032	2	两个来源均已定位即可停止	SOURCE_VERIFIED	Codex/source-check
Q049	multi-document	要同时了解命令处理器与运行时 API，应该查看哪两份材料？	"[""请查找与“command_processor”直接相关的资料和原文依据。"",""请查找与“vortex_runtime_api”直接相关的资料和原文依据。""]"	应同时查看 docs/designs/command_processor.md 和 docs/designs/vortex_runtime_api.md。	docs/designs/command_processor.md | docs/designs/vortex_runtime_api.md	Command Processor (CP) — Design || Vortex Runtime API (`vortex2.h`) — Design	command_processor | vortex_runtime_api	V010,V025	2	两个来源均已定位即可停止	SOURCE_VERIFIED	Codex/source-check
Q050	multi-document	要同时了解CTA 分派设计与 CTA dispatcher RTL，应该查看哪两份材料？	"[""请查找与“cta_clustering_and_dispatch”直接相关的资料和原文依据。"",""请查找与“VX_cta_dispatch”直接相关的资料和原文依据。""]"	应同时查看 docs/designs/cta_clustering_and_dispatch.md 和 hw/rtl/core/VX_cta_dispatch.sv。	docs/designs/cta_clustering_and_dispatch.md | hw/rtl/core/VX_cta_dispatch.sv	CTA Clustering and Dispatch — Design || module VX_cta_dispatch import VX_gpu_pkg::*; #(	cta_clustering_and_dispatch | VX_cta_dispatch	V012,V040	2	两个来源均已定位即可停止	SOURCE_VERIFIED	Codex/source-check
Q051	multi-document	要同时了解浮点/计算设计与 ALU 单元 RTL，应该查看哪两份材料？	"[""请查找与“floating_point_unit”直接相关的资料和原文依据。"",""请查找与“VX_alu_unit”直接相关的资料和原文依据。""]"	应同时查看 docs/designs/floating_point_unit.md 和 hw/rtl/core/VX_alu_unit.sv。	docs/designs/floating_point_unit.md | hw/rtl/core/VX_alu_unit.sv	Vortex FPU Design (RTL) || module VX_alu_unit import VX_gpu_pkg::*; #(	floating_point_unit | VX_alu_unit	V015,V035	2	两个来源均已定位即可停止	SOURCE_VERIFIED	Codex/source-check
Q052	multi-document	要同时了解图形硬件栈与图形软件栈，应该查看哪两份材料？	"[""请查找与“graphics_hardware_stack”直接相关的资料和原文依据。"",""请查找与“graphics_software_stack”直接相关的资料和原文依据。""]"	应同时查看 docs/designs/graphics_hardware_stack.md 和 docs/designs/graphics_software_stack.md。	docs/designs/graphics_hardware_stack.md | docs/designs/graphics_software_stack.md	Graphics Hardware Stack (RASTER / TEX / OM) — Design || Vortex Graphics Software Stack — Design	graphics_hardware_stack | graphics_software_stack	V016,V017	2	两个来源均已定位即可停止	SOURCE_VERIFIED	Codex/source-check
Q053	multi-document	要同时了解kernel 入口与异步运行时 API，应该查看哪两份材料？	"[""请查找与“kernel_entry_and_dispatch”直接相关的资料和原文依据。"",""请查找与“vortex_runtime_api”直接相关的资料和原文依据。""]"	应同时查看 docs/designs/kernel_entry_and_dispatch.md 和 docs/designs/vortex_runtime_api.md。	docs/designs/kernel_entry_and_dispatch.md | docs/designs/vortex_runtime_api.md	Kernel Entry & Multi-Entry `.vxbin` — Design || Vortex Runtime API (`vortex2.h`) — Design	kernel_entry_and_dispatch | vortex_runtime_api	V018,V025	2	两个来源均已定位即可停止	SOURCE_VERIFIED	Codex/source-check
Q054	multi-document	要同时了解LSU 设计与 LSU 单元 RTL，应该查看哪两份材料？	"[""请查找与“lsu_pipeline_design”直接相关的资料和原文依据。"",""请查找与“VX_lsu_unit”直接相关的资料和原文依据。""]"	应同时查看 docs/designs/lsu_pipeline_design.md 和 hw/rtl/core/VX_lsu_unit.sv。	docs/designs/lsu_pipeline_design.md | hw/rtl/core/VX_lsu_unit.sv	Vortex LSU Design (RTL) || module VX_lsu_unit import VX_gpu_pkg::*; #(	lsu_pipeline_design | VX_lsu_unit	V019,V044	2	两个来源均已定位即可停止	SOURCE_VERIFIED	Codex/source-check
Q055	multi-document	要同时了解Vortex trap 基础与 OpenTitan PLIC 中断机制，应该查看哪两份材料？	"[""请查找与“trap_and_exception_foundation”直接相关的资料和原文依据。"",""请查找与“theory_of_operation”直接相关的资料和原文依据。""]"	应同时查看 docs/designs/trap_and_exception_foundation.md 和 hw/top_earlgrey/ip_autogen/rv_plic/doc/theory_of_operation.md。	docs/designs/trap_and_exception_foundation.md | hw/top_earlgrey/ip_autogen/rv_plic/doc/theory_of_operation.md	Trap / Exception Foundation (Preemption Groundwork) — Design || Theory of Operation	trap_and_exception_foundation | theory_of_operation	V023,O020	2	两个来源均已定位即可停止	SOURCE_VERIFIED	Codex/source-check
Q056	multi-document	要同时了解虚拟内存设计与运行时 VM 实现，应该查看哪两份材料？	"[""请查找与“virtual_memory_subsystem”直接相关的资料和原文依据。"",""请查找与“vm”直接相关的资料和原文依据。""]"	应同时查看 docs/designs/virtual_memory_subsystem.md 和 sw/runtime/common/vm.cpp。	docs/designs/virtual_memory_subsystem.md | sw/runtime/common/vm.cpp	Virtual Memory (MMU / TLB / PTW) — Design || vm.cpp	virtual_memory_subsystem | vm	V024,V051	2	两个来源均已定位即可停止	SOURCE_VERIFIED	Codex/source-check
Q057	multi-document	要同时了解时钟管理检查项与工作原理，应该查看哪两份材料？	"[""请查找与“checklist”直接相关的资料和原文依据。"",""请查找与“theory_of_operation”直接相关的资料和原文依据。""]"	应同时查看 hw/top_earlgrey/ip_autogen/clkmgr/doc/checklist.md 和 hw/top_earlgrey/ip_autogen/clkmgr/doc/theory_of_operation.md。	hw/top_earlgrey/ip_autogen/clkmgr/doc/checklist.md | hw/top_earlgrey/ip_autogen/clkmgr/doc/theory_of_operation.md	CLKMGR Checklist || Theory of Operation	checklist | theory_of_operation	O008,O012	2	两个来源均已定位即可停止	SOURCE_VERIFIED	Codex/source-check
Q058	multi-document	要同时了解复位管理检查项与工作原理，应该查看哪两份材料？	"[""请查找与“checklist”直接相关的资料和原文依据。"",""请查找与“theory_of_operation”直接相关的资料和原文依据。""]"	应同时查看 hw/top_earlgrey/ip_autogen/rstmgr/doc/checklist.md 和 hw/top_earlgrey/ip_autogen/rstmgr/doc/theory_of_operation.md。	hw/top_earlgrey/ip_autogen/rstmgr/doc/checklist.md | hw/top_earlgrey/ip_autogen/rstmgr/doc/theory_of_operation.md	RSTMGR Checklist || Theory of Operation	checklist | theory_of_operation	O013,O017	2	两个来源均已定位即可停止	SOURCE_VERIFIED	Codex/source-check
Q059	multi-document	要同时了解PLIC 检查项与工作原理，应该查看哪两份材料？	"[""请查找与“checklist”直接相关的资料和原文依据。"",""请查找与“theory_of_operation”直接相关的资料和原文依据。""]"	应同时查看 hw/top_earlgrey/ip_autogen/rv_plic/doc/checklist.md 和 hw/top_earlgrey/ip_autogen/rv_plic/doc/theory_of_operation.md。	hw/top_earlgrey/ip_autogen/rv_plic/doc/checklist.md | hw/top_earlgrey/ip_autogen/rv_plic/doc/theory_of_operation.md	RV_PLIC Checklist || Theory of Operation	checklist | theory_of_operation	O018,O020	2	两个来源均已定位即可停止	SOURCE_VERIFIED	Codex/source-check
Q060	multi-document	要同时了解ASIC 与 CW340 两套 Pinout，应该查看哪两份材料？	"[""请查找与“pinout_asic”直接相关的资料和原文依据。"",""请查找与“pinout_cw340”直接相关的资料和原文依据。""]"	应同时查看 hw/top_earlgrey/ip_autogen/pinmux/doc/pinout_asic.md 和 hw/top_earlgrey/ip_autogen/pinmux/doc/pinout_cw340.md。	hw/top_earlgrey/ip_autogen/pinmux/doc/pinout_asic.md | hw/top_earlgrey/ip_autogen/pinmux/doc/pinout_cw340.md	"""ASIC"" Target : Pinout and Pinmux Connectivity || ""CW340"" Target : Pinout and Pinmux Connectivity"	pinout_asic | pinout_cw340	O023,O024	2	两个来源均已定位即可停止	SOURCE_VERIFIED	Codex/source-check
Q061	similar-distractor	CLKMGR 的设计与验证检查清单在哪里？	"[""CLKMGR 的设计与验证检查清单在哪里？""]"	目标文件是 hw/top_earlgrey/ip_autogen/clkmgr/doc/checklist.md。	hw/top_earlgrey/ip_autogen/clkmgr/doc/checklist.md	CLKMGR Checklist	CLKMGR;checklist	O008	1	从相似文件中定位唯一目标Path即可停止	SOURCE_VERIFIED	Codex/source-check
Q062	similar-distractor	CLKMGR 的硬件接口文档是哪一份？	"[""CLKMGR 的硬件接口文档是哪一份？""]"	目标文件是 hw/top_earlgrey/ip_autogen/clkmgr/doc/interfaces.md。	hw/top_earlgrey/ip_autogen/clkmgr/doc/interfaces.md	Hardware Interfaces	CLKMGR;interfaces	O009	1	从相似文件中定位唯一目标Path即可停止	SOURCE_VERIFIED	Codex/source-check
Q063	similar-distractor	CLKMGR 的软件使用指南在哪里？	"[""CLKMGR 的软件使用指南在哪里？""]"	目标文件是 hw/top_earlgrey/ip_autogen/clkmgr/doc/programmers_guide.md。	hw/top_earlgrey/ip_autogen/clkmgr/doc/programmers_guide.md	Programmer's Guide	CLKMGR;Programmer Guide	O010	1	从相似文件中定位唯一目标Path即可停止	SOURCE_VERIFIED	Codex/source-check
Q064	similar-distractor	CLKMGR 的寄存器定义在哪里？	"[""CLKMGR 的寄存器定义在哪里？""]"	目标文件是 hw/top_earlgrey/ip_autogen/clkmgr/doc/registers.md。	hw/top_earlgrey/ip_autogen/clkmgr/doc/registers.md	Registers	CLKMGR;registers	O011	1	从相似文件中定位唯一目标Path即可停止	SOURCE_VERIFIED	Codex/source-check
Q065	similar-distractor	CLKMGR 的工作原理在哪里说明？	"[""CLKMGR 的工作原理在哪里说明？""]"	目标文件是 hw/top_earlgrey/ip_autogen/clkmgr/doc/theory_of_operation.md。	hw/top_earlgrey/ip_autogen/clkmgr/doc/theory_of_operation.md	Theory of Operation	CLKMGR;Theory of Operation	O012	1	从相似文件中定位唯一目标Path即可停止	SOURCE_VERIFIED	Codex/source-check
Q066	similar-distractor	RSTMGR 的设计与验证检查清单在哪里？	"[""RSTMGR 的设计与验证检查清单在哪里？""]"	目标文件是 hw/top_earlgrey/ip_autogen/rstmgr/doc/checklist.md。	hw/top_earlgrey/ip_autogen/rstmgr/doc/checklist.md	RSTMGR Checklist	RSTMGR;checklist	O013	1	从相似文件中定位唯一目标Path即可停止	SOURCE_VERIFIED	Codex/source-check
Q067	similar-distractor	RSTMGR 的硬件接口文档是哪一份？	"[""RSTMGR 的硬件接口文档是哪一份？""]"	目标文件是 hw/top_earlgrey/ip_autogen/rstmgr/doc/interfaces.md。	hw/top_earlgrey/ip_autogen/rstmgr/doc/interfaces.md	Hardware Interfaces	RSTMGR;interfaces	O014	1	从相似文件中定位唯一目标Path即可停止	SOURCE_VERIFIED	Codex/source-check
Q068	similar-distractor	RSTMGR 的软件使用指南在哪里？	"[""RSTMGR 的软件使用指南在哪里？""]"	目标文件是 hw/top_earlgrey/ip_autogen/rstmgr/doc/programmers_guide.md。	hw/top_earlgrey/ip_autogen/rstmgr/doc/programmers_guide.md	Programmer's Guide	RSTMGR;Programmer Guide	O015	1	从相似文件中定位唯一目标Path即可停止	SOURCE_VERIFIED	Codex/source-check
Q069	similar-distractor	RSTMGR 的寄存器定义在哪里？	"[""RSTMGR 的寄存器定义在哪里？""]"	目标文件是 hw/top_earlgrey/ip_autogen/rstmgr/doc/registers.md。	hw/top_earlgrey/ip_autogen/rstmgr/doc/registers.md	Registers	RSTMGR;registers	O016	1	从相似文件中定位唯一目标Path即可停止	SOURCE_VERIFIED	Codex/source-check
Q070	similar-distractor	RSTMGR 的复位拓扑和工作原理在哪里？	"[""RSTMGR 的复位拓扑和工作原理在哪里？""]"	目标文件是 hw/top_earlgrey/ip_autogen/rstmgr/doc/theory_of_operation.md。	hw/top_earlgrey/ip_autogen/rstmgr/doc/theory_of_operation.md	Theory of Operation	RSTMGR;Reset Topology	O017	1	从相似文件中定位唯一目标Path即可停止	SOURCE_VERIFIED	Codex/source-check
Q071	similar-distractor	RV_PLIC 的设计与验证检查清单在哪里？	"[""RV_PLIC 的设计与验证检查清单在哪里？""]"	目标文件是 hw/top_earlgrey/ip_autogen/rv_plic/doc/checklist.md。	hw/top_earlgrey/ip_autogen/rv_plic/doc/checklist.md	RV_PLIC Checklist	RV_PLIC;checklist	O018	1	从相似文件中定位唯一目标Path即可停止	SOURCE_VERIFIED	Codex/source-check
Q072	similar-distractor	RV_PLIC 的初始化和中断处理指南在哪里？	"[""RV_PLIC 的初始化和中断处理指南在哪里？""]"	目标文件是 hw/top_earlgrey/ip_autogen/rv_plic/doc/programmers_guide.md。	hw/top_earlgrey/ip_autogen/rv_plic/doc/programmers_guide.md	Programmer's Guide	RV_PLIC;Initialization	O019	1	从相似文件中定位唯一目标Path即可停止	SOURCE_VERIFIED	Codex/source-check
Q073	similar-distractor	RV_PLIC 的优先级、claim 和 completion 机制在哪里？	"[""RV_PLIC 的优先级、claim 和 completion 机制在哪里？""]"	目标文件是 hw/top_earlgrey/ip_autogen/rv_plic/doc/theory_of_operation.md。	hw/top_earlgrey/ip_autogen/rv_plic/doc/theory_of_operation.md	Theory of Operation	RV_PLIC;Interrupt Claims	O020	1	从相似文件中定位唯一目标Path即可停止	SOURCE_VERIFIED	Codex/source-check
Q074	similar-distractor	OpenTitan ASIC 目标的 Pinout 在哪份文件？	"[""OpenTitan ASIC 目标的 Pinout 在哪份文件？""]"	目标文件是 hw/top_earlgrey/ip_autogen/pinmux/doc/pinout_asic.md。	hw/top_earlgrey/ip_autogen/pinmux/doc/pinout_asic.md	"""ASIC"" Target : Pinout and Pinmux Connectivity"	ASIC;Pinout	O023	1	从相似文件中定位唯一目标Path即可停止	SOURCE_VERIFIED	Codex/source-check
Q075	similar-distractor	OpenTitan CW340 目标的 Pinout 在哪份文件？	"[""OpenTitan CW340 目标的 Pinout 在哪份文件？""]"	目标文件是 hw/top_earlgrey/ip_autogen/pinmux/doc/pinout_cw340.md。	hw/top_earlgrey/ip_autogen/pinmux/doc/pinout_cw340.md	"""CW340"" Target : Pinout and Pinmux Connectivity"	CW340;Pinout	O024	1	从相似文件中定位唯一目标Path即可停止	SOURCE_VERIFIED	Codex/source-check
Q076	no-answer	知识库中是否说明了 HBM3E PHY 的训练流程？	"[""知识库中是否说明了 HBM3E PHY 的训练流程？""]"	当前评测知识库中没有可支持该问题的证据。		NONE	HBM3E		1	确认所有候选均无有效证据后停止并明确无答案	SOURCE_VERIFIED	Codex/source-check
Q077	no-answer	知识库中是否包含 PCIe 6.0 控制器的 LTSSM 设计？	"[""知识库中是否包含 PCIe 6.0 控制器的 LTSSM 设计？""]"	当前评测知识库中没有可支持该问题的证据。		NONE	PCIe 6.0		1	确认所有候选均无有效证据后停止并明确无答案	SOURCE_VERIFIED	Codex/source-check
Q078	no-answer	知识库中是否描述了 CXL 3.0 一致性协议？	"[""知识库中是否描述了 CXL 3.0 一致性协议？""]"	当前评测知识库中没有可支持该问题的证据。		NONE	CXL 3.0		1	确认所有候选均无有效证据后停止并明确无答案	SOURCE_VERIFIED	Codex/source-check
Q079	no-answer	知识库中是否有 UCIe die-to-die 适配器设计？	"[""知识库中是否有 UCIe die-to-die 适配器设计？""]"	当前评测知识库中没有可支持该问题的证据。		NONE	UCIe		1	确认所有候选均无有效证据后停止并明确无答案	SOURCE_VERIFIED	Codex/source-check
Q080	no-answer	知识库中是否说明了 NVLink 链路训练？	"[""知识库中是否说明了 NVLink 链路训练？""]"	当前评测知识库中没有可支持该问题的证据。		NONE	NVLink		1	确认所有候选均无有效证据后停止并明确无答案	SOURCE_VERIFIED	Codex/source-check
Q081	no-answer	知识库中是否包含 DisplayPort 控制器规范？	"[""知识库中是否包含 DisplayPort 控制器规范？""]"	当前评测知识库中没有可支持该问题的证据。		NONE	DisplayPort		1	确认所有候选均无有效证据后停止并明确无答案	SOURCE_VERIFIED	Codex/source-check
Q082	no-answer	知识库中是否包含 HDMI 2.1 PHY 设计？	"[""知识库中是否包含 HDMI 2.1 PHY 设计？""]"	当前评测知识库中没有可支持该问题的证据。		NONE	HDMI 2.1		1	确认所有候选均无有效证据后停止并明确无答案	SOURCE_VERIFIED	Codex/source-check
Q083	no-answer	知识库中是否说明 DDR5 memory training？	"[""知识库中是否说明 DDR5 memory training？""]"	当前评测知识库中没有可支持该问题的证据。		NONE	DDR5		1	确认所有候选均无有效证据后停止并明确无答案	SOURCE_VERIFIED	Codex/source-check
Q084	no-answer	知识库中是否包含 USB4 router 设计？	"[""知识库中是否包含 USB4 router 设计？""]"	当前评测知识库中没有可支持该问题的证据。		NONE	USB4		1	确认所有候选均无有效证据后停止并明确无答案	SOURCE_VERIFIED	Codex/source-check
Q085	no-answer	知识库中是否包含 Ethernet MAC 的 PTP 时间戳实现？	"[""知识库中是否包含 Ethernet MAC 的 PTP 时间戳实现？""]"	当前评测知识库中没有可支持该问题的证据。		NONE	PTP timestamp		1	确认所有候选均无有效证据后停止并明确无答案	SOURCE_VERIFIED	Codex/source-check
Q086	multiple-expansions	请确认 Building the Vortex Toolchain from Source 文档既介绍主题本身，也覆盖后部的“Packaging and installing prebuilt bundles”部分。	"[""请查找与“Building the Vortex Toolchain from Source”直接相关的资料和原文依据。"",""请查找与“Packaging and installing prebuilt bundles”直接相关的资料和原文依据。""]"	该文档标题为“Building the Vortex Toolchain from Source”，后部还包含“Packaging and installing prebuilt bundles”部分。	docs/building_toolchain.md	Building the Vortex Toolchain from Source || Packaging and installing prebuilt bundles	Building the Vortex Toolchain from Source | Packaging and installing prebuilt bundles	V003	2	标题和后部章节两处证据均已取得即可停止	SOURCE_VERIFIED	Codex/source-check
Q087	multiple-expansions	请确认 Debugging Vortex GPU 文档既介绍主题本身，也覆盖后部的“SAIF trace for power analysis”部分。	"[""请查找与“Debugging Vortex GPU”直接相关的资料和原文依据。"",""请查找与“SAIF trace for power analysis”直接相关的资料和原文依据。""]"	该文档标题为“Debugging Vortex GPU”，后部还包含“SAIF trace for power analysis”部分。	docs/debugging.md	Debugging Vortex GPU || SAIF trace for power analysis	Debugging Vortex GPU | SAIF trace for power analysis	V006	2	标题和后部章节两处证据均已取得即可停止	SOURCE_VERIFIED	Codex/source-check
Q088	multiple-expansions	请确认 Atomic Memory Operations (RVA) — Design 文档既介绍主题本身，也覆盖后部的“7. Source proposals”部分。	"[""请查找与“Atomic Memory Operations (RVA) — Design”直接相关的资料和原文依据。"",""请查找与“7. Source proposals”直接相关的资料和原文依据。""]"	该文档标题为“Atomic Memory Operations (RVA) — Design”，后部还包含“7. Source proposals”部分。	docs/designs/atomic_memory_operations.md	Atomic Memory Operations (RVA) — Design || 7. Source proposals	Atomic Memory Operations (RVA) — Design | 7. Source proposals	V007	2	标题和后部章节两处证据均已取得即可停止	SOURCE_VERIFIED	Codex/source-check
Q089	multiple-expansions	请确认 Vortex Cache Flush Architecture 文档既介绍主题本身，也覆盖后部的“5. Relationship to line-granular invalidation”部分。	"[""请查找与“Vortex Cache Flush Architecture”直接相关的资料和原文依据。"",""请查找与“5. Relationship to line-granular invalidation”直接相关的资料和原文依据。""]"	该文档标题为“Vortex Cache Flush Architecture”，后部还包含“5. Relationship to line-granular invalidation”部分。	docs/designs/cache_flush_architecture.md	Vortex Cache Flush Architecture || 5. Relationship to line-granular invalidation	Vortex Cache Flush Architecture | 5. Relationship to line-granular invalidation	V008	2	标题和后部章节两处证据均已取得即可停止	SOURCE_VERIFIED	Codex/source-check
Q090	multiple-expansions	请确认 Vortex Cache Subsystem 文档既介绍主题本身，也覆盖后部的“Configuration parameters”部分。	"[""请查找与“Vortex Cache Subsystem”直接相关的资料和原文依据。"",""请查找与“Configuration parameters”直接相关的资料和原文依据。""]"	该文档标题为“Vortex Cache Subsystem”，后部还包含“Configuration parameters”部分。	docs/designs/cache_subsystem.md	Vortex Cache Subsystem || Configuration parameters	Vortex Cache Subsystem | Configuration parameters	V009	2	标题和后部章节两处证据均已取得即可停止	SOURCE_VERIFIED	Codex/source-check
Q091	multiple-expansions	请确认 Command Processor (CP) — Design 文档既介绍主题本身，也覆盖后部的“11. Source proposals”部分。	"[""请查找与“Command Processor (CP) — Design”直接相关的资料和原文依据。"",""请查找与“11. Source proposals”直接相关的资料和原文依据。""]"	该文档标题为“Command Processor (CP) — Design”，后部还包含“11. Source proposals”部分。	docs/designs/command_processor.md	Command Processor (CP) — Design || 11. Source proposals	Command Processor (CP) — Design | 11. Source proposals	V010	2	标题和后部章节两处证据均已取得即可停止	SOURCE_VERIFIED	Codex/source-check
Q092	multiple-expansions	请确认 RVC (Compressed Instructions) — Design 文档既介绍主题本身，也覆盖后部的“6. Source proposal”部分。	"[""请查找与“RVC (Compressed Instructions) — Design”直接相关的资料和原文依据。"",""请查找与“6. Source proposal”直接相关的资料和原文依据。""]"	该文档标题为“RVC (Compressed Instructions) — Design”，后部还包含“6. Source proposal”部分。	docs/designs/compressed_instruction_support.md	RVC (Compressed Instructions) — Design || 6. Source proposal	RVC (Compressed Instructions) — Design | 6. Source proposal	V011	2	标题和后部章节两处证据均已取得即可停止	SOURCE_VERIFIED	Codex/source-check
Q093	multiple-expansions	请确认 CTA Clustering and Dispatch — Design 文档既介绍主题本身，也覆盖后部的“7. Source proposals”部分。	"[""请查找与“CTA Clustering and Dispatch — Design”直接相关的资料和原文依据。"",""请查找与“7. Source proposals”直接相关的资料和原文依据。""]"	该文档标题为“CTA Clustering and Dispatch — Design”，后部还包含“7. Source proposals”部分。	docs/designs/cta_clustering_and_dispatch.md	CTA Clustering and Dispatch — Design || 7. Source proposals	CTA Clustering and Dispatch — Design | 7. Source proposals	V012	2	标题和后部章节两处证据均已取得即可停止	SOURCE_VERIFIED	Codex/source-check
Q094	multiple-expansions	请确认 Implementing a Custom Accelerator ISA Extension in Vortex — Design Guide 文档既介绍主题本身，也覆盖后部的“9. Decision checklist”部分。	"[""请查找与“Implementing a Custom Accelerator ISA Extension in Vortex — Design Guide”直接相关的资料和原文依据。"",""请查找与“9. Decision checklist”直接相关的资料和原文依据。""]"	该文档标题为“Implementing a Custom Accelerator ISA Extension in Vortex — Design Guide”，后部还包含“9. Decision checklist”部分。	docs/designs/custom_accelerator_isa_extensions.md	Implementing a Custom Accelerator ISA Extension in Vortex — Design Guide || 9. Decision checklist	Implementing a Custom Accelerator ISA Extension in Vortex — Design Guide | 9. Decision checklist	V013	2	标题和后部章节两处证据均已取得即可停止	SOURCE_VERIFIED	Codex/source-check
Q095	multiple-expansions	请确认 DXA — Direct eXecution Accelerator (Async Copy + Multicast) — Design 文档既介绍主题本身，也覆盖后部的“8. Source proposals”部分。	"[""请查找与“DXA — Direct eXecution Accelerator (Async Copy + Multicast) — Design”直接相关的资料和原文依据。"",""请查找与“8. Source proposals”直接相关的资料和原文依据。""]"	该文档标题为“DXA — Direct eXecution Accelerator (Async Copy + Multicast) — Design”，后部还包含“8. Source proposals”部分。	docs/designs/dxa_async_copy_multicast.md	DXA — Direct eXecution Accelerator (Async Copy + Multicast) — Design || 8. Source proposals	DXA — Direct eXecution Accelerator (Async Copy + Multicast) — Design | 8. Source proposals	V014	2	标题和后部章节两处证据均已取得即可停止	SOURCE_VERIFIED	Codex/source-check
Q096	multiple-expansions	请确认 Vortex FPU Design (RTL) 文档既介绍主题本身，也覆盖后部的“8. Verification & status”部分。	"[""请查找与“Vortex FPU Design (RTL)”直接相关的资料和原文依据。"",""请查找与“8. Verification & status”直接相关的资料和原文依据。""]"	该文档标题为“Vortex FPU Design (RTL)”，后部还包含“8. Verification & status”部分。	docs/designs/floating_point_unit.md	Vortex FPU Design (RTL) || 8. Verification & status	Vortex FPU Design (RTL) | 8. Verification & status	V015	2	标题和后部章节两处证据均已取得即可停止	SOURCE_VERIFIED	Codex/source-check
Q097	multiple-expansions	请确认 Graphics Hardware Stack (RASTER / TEX / OM) — Design 文档既介绍主题本身，也覆盖后部的“9. Relationship to the true-GPU plan”部分。	"[""请查找与“Graphics Hardware Stack (RASTER / TEX / OM) — Design”直接相关的资料和原文依据。"",""请查找与“9. Relationship to the true-GPU plan”直接相关的资料和原文依据。""]"	该文档标题为“Graphics Hardware Stack (RASTER / TEX / OM) — Design”，后部还包含“9. Relationship to the true-GPU plan”部分。	docs/designs/graphics_hardware_stack.md	Graphics Hardware Stack (RASTER / TEX / OM) — Design || 9. Relationship to the true-GPU plan	Graphics Hardware Stack (RASTER / TEX / OM) — Design | 9. Relationship to the true-GPU plan	V016	2	标题和后部章节两处证据均已取得即可停止	SOURCE_VERIFIED	Codex/source-check
Q098	multiple-expansions	请确认 Vortex Graphics Software Stack — Design 文档既介绍主题本身，也覆盖后部的“5. Single source of truth”部分。	"[""请查找与“Vortex Graphics Software Stack — Design”直接相关的资料和原文依据。"",""请查找与“5. Single source of truth”直接相关的资料和原文依据。""]"	该文档标题为“Vortex Graphics Software Stack — Design”，后部还包含“5. Single source of truth”部分。	docs/designs/graphics_software_stack.md	Vortex Graphics Software Stack — Design || 5. Single source of truth	Vortex Graphics Software Stack — Design | 5. Single source of truth	V017	2	标题和后部章节两处证据均已取得即可停止	SOURCE_VERIFIED	Codex/source-check
Q099	multiple-expansions	请确认 Vortex LSU Design (RTL) 文档既介绍主题本身，也覆盖后部的“7. Notes on design vs implementation”部分。	"[""请查找与“Vortex LSU Design (RTL)”直接相关的资料和原文依据。"",""请查找与“7. Notes on design vs implementation”直接相关的资料和原文依据。""]"	该文档标题为“Vortex LSU Design (RTL)”，后部还包含“7. Notes on design vs implementation”部分。	docs/designs/lsu_pipeline_design.md	Vortex LSU Design (RTL) || 7. Notes on design vs implementation	Vortex LSU Design (RTL) | 7. Notes on design vs implementation	V019	2	标题和后部章节两处证据均已取得即可停止	SOURCE_VERIFIED	Codex/source-check
Q100	multiple-expansions	请确认 Virtual Memory (MMU / TLB / PTW) — Design 文档既介绍主题本身，也覆盖后部的“9. Source proposals”部分。	"[""请查找与“Virtual Memory (MMU / TLB / PTW) — Design”直接相关的资料和原文依据。"",""请查找与“9. Source proposals”直接相关的资料和原文依据。""]"	该文档标题为“Virtual Memory (MMU / TLB / PTW) — Design”，后部还包含“9. Source proposals”部分。	docs/designs/virtual_memory_subsystem.md	Virtual Memory (MMU / TLB / PTW) — Design || 9. Source proposals	Virtual Memory (MMU / TLB / PTW) — Design | 9. Source proposals	V024	2	标题和后部章节两处证据均已取得即可停止	SOURCE_VERIFIED	Codex/source-check
Q101	file-path-symbol	哪个文件定义了 `MyUnit`？	"[""哪个文件定义了 `MyUnit`？""]"	`MyUnit`定义在docs/simobject.md。	docs/simobject.md	class MyUnit : public SimObject<MyUnit> {	MyUnit	V080	1	取得所需原文和来源即可停止	SOURCE_VERIFIED	Codex/source-check
Q102	chinese-natural-language	我想了解 Declarations，知识库里哪份资料说明了这个主题？	"[""我想了解 Declarations，知识库里哪份资料说明了这个主题？""]"	相关说明位于docs/coding_guidelines_cpp.md。	docs/coding_guidelines_cpp.md	## 4. Function Declarations and Definitions	Declarations	V061	1	取得所需原文和来源即可停止	SOURCE_VERIFIED	Codex/source-check
Q103	late-file	请查找 `Comment` 在资料后部的具体说明。	"[""请查找 `Comment` 在资料后部的具体说明。""]"	相关说明位于docs/coding_guidelines_cpp.md后部。	docs/coding_guidelines_cpp.md	## 10. Comment Content & Intent	Comment	V061	1	取得所需原文和来源即可停止	SOURCE_VERIFIED	Codex/source-check
Q104	multi-document	请分别查明 `spaces` 和 `Guidelines` 的资料位置与原文依据。	"[""请查找与“spaces”直接相关的资料和原文依据。"",""请查找与“Guidelines”直接相关的资料和原文依据。""]"	两项依据分别位于docs/coding_guidelines_cpp.md和docs/coding_guidelines_verilog.md。	docs/coding_guidelines_cpp.md | docs/coding_guidelines_verilog.md	- Use **2 spaces** per indent level. || # Verilog Coding Guidelines	spaces | Guidelines	V061,V062	3	两份来源的必要原文均已取得即可停止	SOURCE_VERIFIED	Codex/source-check
Q105	similar-distractor	同名文件很多，请定位 `mpi_vecadd` 目录下 `README.md` 中关于 `mpi_vecadd` 的原文。	"[""同名文件很多，请定位 `mpi_vecadd` 目录下 `README.md` 中关于 `mpi_vecadd` 的原文。""]"	目标是tests/mpi/mpi_vecadd/README.md，不是其他同名文件。	tests/mpi/mpi_vecadd/README.md	"Apptainer> ./ci/blackbox.sh --cores=2 --app=mpi_vecadd --driver=simx --np=4 --args=""-n5000"""	mpi_vecadd;mpi_vecadd	V569	1	取得所需原文和来源即可停止	SOURCE_VERIFIED	Codex/source-check
Q106	multiple-expansions	请确认 `spaces` 和 `Comment` 是否在同一份资料的不同位置出现，并给出两处依据。	"[""请查找与“spaces”直接相关的资料和原文依据。"",""请查找与“Comment”直接相关的资料和原文依据。""]"	两处依据均位于docs/coding_guidelines_cpp.md。	docs/coding_guidelines_cpp.md	- Use **2 spaces** per indent level. || ## 10. Comment Content & Intent	spaces | Comment	V061	2	两处远距离原文均已取得即可停止	SOURCE_VERIFIED	Codex/source-check
Q107	file-path-symbol	哪个文件定义了 `VX_graphics`？	"[""哪个文件定义了 `VX_graphics`？""]"	`VX_graphics`定义在hw/rtl/VX_graphics.sv。	hw/rtl/VX_graphics.sv	module VX_graphics import VX_gpu_pkg::*; #(	VX_graphics	V090	1	取得所需原文和来源即可停止	SOURCE_VERIFIED	Codex/source-check
Q108	chinese-natural-language	我想了解 Guidelines，知识库里哪份资料说明了这个主题？	"[""我想了解 Guidelines，知识库里哪份资料说明了这个主题？""]"	相关说明位于docs/coding_guidelines_verilog.md。	docs/coding_guidelines_verilog.md	# Verilog Coding Guidelines	Guidelines	V062	1	取得所需原文和来源即可停止	SOURCE_VERIFIED	Codex/source-check
Q109	late-file	请查找 `VX_axi_if` 在资料后部的具体说明。	"[""请查找 `VX_axi_if` 在资料后部的具体说明。""]"	相关说明位于docs/coding_guidelines_verilog.md后部。	docs/coding_guidelines_verilog.md	VX_axi_if #(.ADDR_W(ADDR_W), .DATA_W(DATA_W)) axi_bus ();	VX_axi_if	V062	1	取得所需原文和来源即可停止	SOURCE_VERIFIED	Codex/source-check
Q110	no-answer	知识库是否定义了 `KM_ABSENT_GPU_PROTOCOL_00_20260819`？	"[""知识库是否定义了 `KM_ABSENT_GPU_PROTOCOL_00_20260819`？""]"	固定语料中没有该内容，应明确说明依据不足。		NONE	KM_ABSENT_GPU_PROTOCOL_00_20260819		1	所有检索轮次均无证据后停止	SOURCE_VERIFIED	Codex/source-check
Q111	multi-document	请分别查明 `Configuration` 和 `Driver-Sliceable` 的资料位置与原文依据。	"[""请查找与“Configuration”直接相关的资料和原文依据。"",""请查找与“Driver-Sliceable”直接相关的资料和原文依据。""]"	两项依据分别位于docs/designs/build_configuration_system.md和docs/designs/continuous_integration.md。	docs/designs/build_configuration_system.md | docs/designs/continuous_integration.md	# Build Configuration System — Design || # Vortex Continuous Integration — Catalog-Driven, Driver-Sliceable Test Architecture	Configuration | Driver-Sliceable	V063,V064	3	两份来源的必要原文均已取得即可停止	SOURCE_VERIFIED	Codex/source-check
Q112	similar-distractor	同名文件很多，请定位 `contributing` 目录下 `README.md` 中关于 `Contributing` 的原文。	"[""同名文件很多，请定位 `contributing` 目录下 `README.md` 中关于 `Contributing` 的原文。""]"	目标是doc/contributing/README.md，不是其他同名文件。	doc/contributing/README.md	# Contributing to OpenTitan	contributing;Contributing	O032	1	取得所需原文和来源即可停止	SOURCE_VERIFIED	Codex/source-check
Q113	multiple-expansions	请确认 `Guidelines` 和 `VX_axi_if` 是否在同一份资料的不同位置出现，并给出两处依据。	"[""请查找与“Guidelines”直接相关的资料和原文依据。"",""请查找与“VX_axi_if”直接相关的资料和原文依据。""]"	两处依据均位于docs/coding_guidelines_verilog.md。	docs/coding_guidelines_verilog.md	# Verilog Coding Guidelines || VX_axi_if #(.ADDR_W(ADDR_W), .DATA_W(DATA_W)) axi_bus ();	Guidelines | VX_axi_if	V062	2	两处远距离原文均已取得即可停止	SOURCE_VERIFIED	Codex/source-check
Q114	file-path-symbol	哪个文件定义了 `VX_kmu`？	"[""哪个文件定义了 `VX_kmu`？""]"	`VX_kmu`定义在hw/rtl/VX_kmu.sv。	hw/rtl/VX_kmu.sv	module VX_kmu import VX_gpu_pkg::*; import VX_trace_pkg::*; #(	VX_kmu	V091	1	取得所需原文和来源即可停止	SOURCE_VERIFIED	Codex/source-check
Q115	chinese-natural-language	我想了解 Configuration，知识库里哪份资料说明了这个主题？	"[""我想了解 Configuration，知识库里哪份资料说明了这个主题？""]"	相关说明位于docs/designs/build_configuration_system.md。	docs/designs/build_configuration_system.md	# Build Configuration System — Design	Configuration	V063	1	取得所需原文和来源即可停止	SOURCE_VERIFIED	Codex/source-check
Q116	late-file	请查找 `config_macro_namespace_proposal` 在资料后部的具体说明。	"[""请查找 `config_macro_namespace_proposal` 在资料后部的具体说明。""]"	相关说明位于docs/designs/build_configuration_system.md后部。	docs/designs/build_configuration_system.md	and `config_macro_namespace_proposal.md` (now removed from	config_macro_namespace_proposal	V063	1	取得所需原文和来源即可停止	SOURCE_VERIFIED	Codex/source-check
Q117	multi-document	请分别查明 `Design` 和 `chipStar` 的资料位置与原文依据。	"[""请查找与“Design”直接相关的资料和原文依据。"",""请查找与“chipStar”直接相关的资料和原文依据。""]"	两项依据分别位于docs/designs/fpga_afu_shell.md和docs/designs/hip_on_vortex_chipstar.md。	docs/designs/fpga_afu_shell.md | docs/designs/hip_on_vortex_chipstar.md	# AFU Shell (XRT / OPAE) — Design || # HIP on Vortex (via chipStar) — Design	Design | chipStar	V065,V066	3	两份来源的必要原文均已取得即可停止	SOURCE_VERIFIED	Codex/source-check
Q118	similar-distractor	同名文件很多，请定位 `getting_started` 目录下 `README.md` 中关于 `OpenTitan` 的原文。	"[""同名文件很多，请定位 `getting_started` 目录下 `README.md` 中关于 `OpenTitan` 的原文。""]"	目标是doc/getting_started/README.md，不是其他同名文件。	doc/getting_started/README.md	This guide will help you get OpenTitan up and running.	getting_started;OpenTitan	O037	1	取得所需原文和来源即可停止	SOURCE_VERIFIED	Codex/source-check
Q119	no-answer	知识库是否定义了 `KM_ABSENT_GPU_PROTOCOL_01_20260819`？	"[""知识库是否定义了 `KM_ABSENT_GPU_PROTOCOL_01_20260819`？""]"	固定语料中没有该内容，应明确说明依据不足。		NONE	KM_ABSENT_GPU_PROTOCOL_01_20260819		1	所有检索轮次均无证据后停止	SOURCE_VERIFIED	Codex/source-check
Q120	multiple-expansions	请确认 `Configuration` 和 `config_macro_namespace_proposal` 是否在同一份资料的不同位置出现，并给出两处依据。	"[""请查找与“Configuration”直接相关的资料和原文依据。"",""请查找与“config_macro_namespace_proposal”直接相关的资料和原文依据。""]"	两处依据均位于docs/designs/build_configuration_system.md。	docs/designs/build_configuration_system.md	# Build Configuration System — Design || and `config_macro_namespace_proposal.md` (now removed from	Configuration | config_macro_namespace_proposal	V063	2	两处远距离原文均已取得即可停止	SOURCE_VERIFIED	Codex/source-check
Q121	file-path-symbol	哪个文件定义了 `VX_amo_alu`？	"[""哪个文件定义了 `VX_amo_alu`？""]"	`VX_amo_alu`定义在hw/rtl/cache/VX_amo_alu.sv。	hw/rtl/cache/VX_amo_alu.sv	module VX_amo_alu import VX_gpu_pkg::*; #(	VX_amo_alu	V095	1	取得所需原文和来源即可停止	SOURCE_VERIFIED	Codex/source-check
Q122	chinese-natural-language	我想了解 Driver-Sliceable，知识库里哪份资料说明了这个主题？	"[""我想了解 Driver-Sliceable，知识库里哪份资料说明了这个主题？""]"	相关说明位于docs/designs/continuous_integration.md。	docs/designs/continuous_integration.md	# Vortex Continuous Integration — Catalog-Driven, Driver-Sliceable Test Architecture	Driver-Sliceable	V064	1	取得所需原文和来源即可停止	SOURCE_VERIFIED	Codex/source-check
Q123	late-file	请查找 `comments` 在资料后部的具体说明。	"[""请查找 `comments` 在资料后部的具体说明。""]"	相关说明位于docs/designs/continuous_integration.md后部。	docs/designs/continuous_integration.md	awkward for record arrays, JSON loses comments.	comments	V064	1	取得所需原文和来源即可停止	SOURCE_VERIFIED	Codex/source-check
Q124	multi-document	请分别查明 `Ray-Tracing` 和 `Cycle-Approximate` 的资料位置与原文依据。	"[""请查找与“Ray-Tracing”直接相关的资料和原文依据。"",""请查找与“Cycle-Approximate”直接相关的资料和原文依据。""]"	两项依据分别位于docs/designs/ray_tracing_unit.md和docs/designs/simx_simulator_architecture.md。	docs/designs/ray_tracing_unit.md | docs/designs/simx_simulator_architecture.md	# PRISM Ray-Tracing Unit (RTU) — Design || # SimX — Cycle-Approximate Simulator — Design	Ray-Tracing | Cycle-Approximate	V067,V068	3	两份来源的必要原文均已取得即可停止	SOURCE_VERIFIED	Codex/source-check
Q125	similar-distractor	同名文件很多，请定位 `project_governance` 目录下 `README.md` 中关于 `collaborative` 的原文。	"[""同名文件很多，请定位 `project_governance` 目录下 `README.md` 中关于 `collaborative` 的原文。""]"	目标是doc/project_governance/README.md，不是其他同名文件。	doc/project_governance/README.md	OpenTitan is a collaborative hardware and software development program with contributors from many organizations.	project_governance;collaborative	O049	1	取得所需原文和来源即可停止	SOURCE_VERIFIED	Codex/source-check
Q126	multiple-expansions	请确认 `Driver-Sliceable` 和 `comments` 是否在同一份资料的不同位置出现，并给出两处依据。	"[""请查找与“Driver-Sliceable”直接相关的资料和原文依据。"",""请查找与“comments”直接相关的资料和原文依据。""]"	两处依据均位于docs/designs/continuous_integration.md。	docs/designs/continuous_integration.md	# Vortex Continuous Integration — Catalog-Driven, Driver-Sliceable Test Architecture || awkward for record arrays, JSON loses comments.	Driver-Sliceable | comments	V064	2	两处远距离原文均已取得即可停止	SOURCE_VERIFIED	Codex/source-check
Q127	file-path-symbol	哪个文件定义了 `VX_amo_unit`？	"[""哪个文件定义了 `VX_amo_unit`？""]"	`VX_amo_unit`定义在hw/rtl/cache/VX_amo_unit.sv。	hw/rtl/cache/VX_amo_unit.sv	module VX_amo_unit import VX_gpu_pkg::*; #(	VX_amo_unit	V096	1	取得所需原文和来源即可停止	SOURCE_VERIFIED	Codex/source-check
Q128	chinese-natural-language	我想了解 Design，知识库里哪份资料说明了这个主题？	"[""我想了解 Design，知识库里哪份资料说明了这个主题？""]"	相关说明位于docs/designs/fpga_afu_shell.md。	docs/designs/fpga_afu_shell.md	# AFU Shell (XRT / OPAE) — Design	Design	V065	1	取得所需原文和来源即可停止	SOURCE_VERIFIED	Codex/source-check
Q129	no-answer	知识库是否定义了 `KM_ABSENT_GPU_PROTOCOL_02_20260819`？	"[""知识库是否定义了 `KM_ABSENT_GPU_PROTOCOL_02_20260819`？""]"	固定语料中没有该内容，应明确说明依据不足。		NONE	KM_ABSENT_GPU_PROTOCOL_02_20260819		1	所有检索轮次均无证据后停止	SOURCE_VERIFIED	Codex/source-check
Q130	late-file	请查找 `command_processor` 在资料后部的具体说明。	"[""请查找 `command_processor` 在资料后部的具体说明。""]"	相关说明位于docs/designs/fpga_afu_shell.md后部。	docs/designs/fpga_afu_shell.md	references are in [`command_processor.md`](command_processor.md).	command_processor	V065	1	取得所需原文和来源即可停止	SOURCE_VERIFIED	Codex/source-check
Q131	multi-document	请分别查明 `Tensor` 和 `simulator` 的资料位置与原文依据。	"[""请查找与“Tensor”直接相关的资料和原文依据。"",""请查找与“simulator”直接相关的资料和原文依据。""]"	两项依据分别位于docs/designs/tensor_core_wgmma_engine.md和docs/designs/vortex_gem5_integration.md。	docs/designs/tensor_core_wgmma_engine.md | docs/designs/vortex_gem5_integration.md	# Tensor Core Unit (TCU / WGMMA) — Design || Vortex runs inside the [gem5](https://www.gem5.org/) simulator as a	Tensor | simulator	V069,V070	3	两份来源的必要原文均已取得即可停止	SOURCE_VERIFIED	Codex/source-check
Q132	similar-distractor	同名文件很多，请定位 `security` 目录下 `README.md` 中关于 `vendor-agnostic` 的原文。	"[""同名文件很多，请定位 `security` 目录下 `README.md` 中关于 `vendor-agnostic` 的原文。""]"	目标是doc/security/README.md，不是其他同名文件。	doc/security/README.md	OpenTitan's mission is to create a trustworthy, vendor-agnostic open source	security;vendor-agnostic	O065	1	取得所需原文和来源即可停止	SOURCE_VERIFIED	Codex/source-check
Q133	multiple-expansions	请确认 `Design` 和 `command_processor` 是否在同一份资料的不同位置出现，并给出两处依据。	"[""请查找与“Design”直接相关的资料和原文依据。"",""请查找与“command_processor”直接相关的资料和原文依据。""]"	两处依据均位于docs/designs/fpga_afu_shell.md。	docs/designs/fpga_afu_shell.md	# AFU Shell (XRT / OPAE) — Design || references are in [`command_processor.md`](command_processor.md).	Design | command_processor	V065	2	两处远距离原文均已取得即可停止	SOURCE_VERIFIED	Codex/source-check
Q134	file-path-symbol	哪个文件定义了 `VX_cache_bank`？	"[""哪个文件定义了 `VX_cache_bank`？""]"	`VX_cache_bank`定义在hw/rtl/cache/VX_cache_bank.sv。	hw/rtl/cache/VX_cache_bank.sv	module VX_cache_bank import VX_gpu_pkg::*; #(	VX_cache_bank	V097	1	取得所需原文和来源即可停止	SOURCE_VERIFIED	Codex/source-check
Q135	chinese-natural-language	我想了解 chipStar，知识库里哪份资料说明了这个主题？	"[""我想了解 chipStar，知识库里哪份资料说明了这个主题？""]"	相关说明位于docs/designs/hip_on_vortex_chipstar.md。	docs/designs/hip_on_vortex_chipstar.md	# HIP on Vortex (via chipStar) — Design	chipStar	V066	1	取得所需原文和来源即可停止	SOURCE_VERIFIED	Codex/source-check
Q136	late-file	请查找 `described` 在资料后部的具体说明。	"[""请查找 `described` 在资料后部的具体说明。""]"	相关说明位于docs/designs/hip_on_vortex_chipstar.md后部。	docs/designs/hip_on_vortex_chipstar.md	described by the retained PoCL proposals.	described	V066	1	取得所需原文和来源即可停止	SOURCE_VERIFIED	Codex/source-check
Q137	multi-document	请分别查明 `rendering-pipeline` 和 `System` 的资料位置与原文依据。	"[""请查找与“rendering-pipeline”直接相关的资料和原文依据。"",""请查找与“System”直接相关的资料和原文依据。""]"	两项依据分别位于docs/designs/vortexpipe_architecture.md和docs/environment_setup.md。	docs/designs/vortexpipe_architecture.md | docs/environment_setup.md	# vortexpipe — software, compiler, and rendering-pipeline architecture || ## Set Up on Your Own System	rendering-pipeline | System	V071,V072	3	两份来源的必要原文均已取得即可停止	SOURCE_VERIFIED	Codex/source-check
Q138	similar-distractor	同名文件很多，请定位 `bitstream` 目录下 `README.md` 中关于 `infrastructure` 的原文。	"[""同名文件很多，请定位 `bitstream` 目录下 `README.md` 中关于 `infrastructure` 的原文。""]"	目标是hw/bitstream/README.md，不是其他同名文件。	hw/bitstream/README.md	"The build infrastructure allows you to build a ""base"" bitstream for FPGA targets."	bitstream;infrastructure	O067	1	取得所需原文和来源即可停止	SOURCE_VERIFIED	Codex/source-check
Q139	no-answer	知识库是否定义了 `KM_ABSENT_GPU_PROTOCOL_03_20260819`？	"[""知识库是否定义了 `KM_ABSENT_GPU_PROTOCOL_03_20260819`？""]"	固定语料中没有该内容，应明确说明依据不足。		NONE	KM_ABSENT_GPU_PROTOCOL_03_20260819		1	所有检索轮次均无证据后停止	SOURCE_VERIFIED	Codex/source-check
Q140	multiple-expansions	请确认 `chipStar` 和 `described` 是否在同一份资料的不同位置出现，并给出两处依据。	"[""请查找与“chipStar”直接相关的资料和原文依据。"",""请查找与“described”直接相关的资料和原文依据。""]"	两处依据均位于docs/designs/hip_on_vortex_chipstar.md。	docs/designs/hip_on_vortex_chipstar.md	# HIP on Vortex (via chipStar) — Design || described by the retained PoCL proposals.	chipStar | described	V066	2	两处远距离原文均已取得即可停止	SOURCE_VERIFIED	Codex/source-check
Q141	file-path-symbol	哪个文件定义了 `VX_cache_bypass`？	"[""哪个文件定义了 `VX_cache_bypass`？""]"	`VX_cache_bypass`定义在hw/rtl/cache/VX_cache_bypass.sv。	hw/rtl/cache/VX_cache_bypass.sv	module VX_cache_bypass import VX_gpu_pkg::*; #(	VX_cache_bypass	V098	1	取得所需原文和来源即可停止	SOURCE_VERIFIED	Codex/source-check
Q142	chinese-natural-language	我想了解 Ray-Tracing，知识库里哪份资料说明了这个主题？	"[""我想了解 Ray-Tracing，知识库里哪份资料说明了这个主题？""]"	相关说明位于docs/designs/ray_tracing_unit.md。	docs/designs/ray_tracing_unit.md	# PRISM Ray-Tracing Unit (RTU) — Design	Ray-Tracing	V067	1	取得所需原文和来源即可停止	SOURCE_VERIFIED	Codex/source-check
Q143	late-file	请查找 `short-stack` 在资料后部的具体说明。	"[""请查找 `short-stack` 在资料后部的具体说明。""]"	相关说明位于docs/designs/ray_tracing_unit.md后部。	docs/designs/ray_tracing_unit.md	short-stack + context pool.	short-stack	V067	1	取得所需原文和来源即可停止	SOURCE_VERIFIED	Codex/source-check
Q144	multi-document	请分别查明 `Configuration` 和 `Reference` 的资料位置与原文依据。	"[""请查找与“Configuration”直接相关的资料和原文依据。"",""请查找与“Reference”直接相关的资料和原文依据。""]"	两项依据分别位于docs/fpga_setup.md和docs/hardware_library.md。	docs/fpga_setup.md | docs/hardware_library.md	# FPGA Startup and Configuration Guide || # Vortex Hardware IP Library Reference	Configuration | Reference	V073,V074	3	两份来源的必要原文均已取得即可停止	SOURCE_VERIFIED	Codex/source-check
Q145	similar-distractor	同名文件很多，请定位 `verilator` 目录下 `README.md` 中关于 `Verilator` 的原文。	"[""同名文件很多，请定位 `verilator` 目录下 `README.md` 中关于 `Verilator` 的原文。""]"	目标是hw/dv/verilator/README.md，不是其他同名文件。	hw/dv/verilator/README.md	# Verilator memory loading support	verilator;Verilator	O080	1	取得所需原文和来源即可停止	SOURCE_VERIFIED	Codex/source-check
Q146	multiple-expansions	请确认 `Ray-Tracing` 和 `short-stack` 是否在同一份资料的不同位置出现，并给出两处依据。	"[""请查找与“Ray-Tracing”直接相关的资料和原文依据。"",""请查找与“short-stack”直接相关的资料和原文依据。""]"	两处依据均位于docs/designs/ray_tracing_unit.md。	docs/designs/ray_tracing_unit.md	# PRISM Ray-Tracing Unit (RTU) — Design || short-stack + context pool.	Ray-Tracing | short-stack	V067	2	两处远距离原文均已取得即可停止	SOURCE_VERIFIED	Codex/source-check
Q147	file-path-symbol	哪个文件定义了 `VX_cache_cluster`？	"[""哪个文件定义了 `VX_cache_cluster`？""]"	`VX_cache_cluster`定义在hw/rtl/cache/VX_cache_cluster.sv。	hw/rtl/cache/VX_cache_cluster.sv	module VX_cache_cluster import VX_gpu_pkg::*; #(	VX_cache_cluster	V099	1	取得所需原文和来源即可停止	SOURCE_VERIFIED	Codex/source-check
Q148	chinese-natural-language	我想了解 Cycle-Approximate，知识库里哪份资料说明了这个主题？	"[""我想了解 Cycle-Approximate，知识库里哪份资料说明了这个主题？""]"	相关说明位于docs/designs/simx_simulator_architecture.md。	docs/designs/simx_simulator_architecture.md	# SimX — Cycle-Approximate Simulator — Design	Cycle-Approximate	V068	1	取得所需原文和来源即可停止	SOURCE_VERIFIED	Codex/source-check
Q149	no-answer	知识库是否定义了 `KM_ABSENT_GPU_PROTOCOL_04_20260819`？	"[""知识库是否定义了 `KM_ABSENT_GPU_PROTOCOL_04_20260819`？""]"	固定语料中没有该内容，应明确说明依据不足。		NONE	KM_ABSENT_GPU_PROTOCOL_04_20260819		1	所有检索轮次均无证据后停止	SOURCE_VERIFIED	Codex/source-check
Q150	late-file	请查找 `framework` 在资料后部的具体说明。	"[""请查找 `framework` 在资料后部的具体说明。""]"	相关说明位于docs/designs/simx_simulator_architecture.md后部。	docs/designs/simx_simulator_architecture.md	framework reference is [`docs/simobject.md`](../simobject.md).	framework	V068	1	取得所需原文和来源即可停止	SOURCE_VERIFIED	Codex/source-check
Q151	multi-document	请分别查明 `environment_setup` 和 `Environment` 的资料位置与原文依据。	"[""请查找与“environment_setup”直接相关的资料和原文依据。"",""请查找与“Environment”直接相关的资料和原文依据。""]"	两项依据分别位于docs/index.md和docs/install_vortex.md。	docs/index.md | docs/install_vortex.md	- [Environment Setup](environment_setup.md): system prerequisites and toolchain setup || # Installing and Setting Up the Vortex Environment	environment_setup | Environment	V075,V076	3	两份来源的必要原文均已取得即可停止	SOURCE_VERIFIED	Codex/source-check
Q152	similar-distractor	同名文件很多，请定位 `formal` 目录下 `README.md` 中关于 `Assertions` 的原文。	"[""同名文件很多，请定位 `formal` 目录下 `README.md` 中关于 `Assertions` 的原文。""]"	目标是hw/formal/README.md，不是其他同名文件。	hw/formal/README.md	Assertions are statements about your design that are expected to be always true.	formal;Assertions	O085	1	取得所需原文和来源即可停止	SOURCE_VERIFIED	Codex/source-check
Q153	multiple-expansions	请确认 `Cycle-Approximate` 和 `framework` 是否在同一份资料的不同位置出现，并给出两处依据。	"[""请查找与“Cycle-Approximate”直接相关的资料和原文依据。"",""请查找与“framework”直接相关的资料和原文依据。""]"	两处依据均位于docs/designs/simx_simulator_architecture.md。	docs/designs/simx_simulator_architecture.md	# SimX — Cycle-Approximate Simulator — Design || framework reference is [`docs/simobject.md`](../simobject.md).	Cycle-Approximate | framework	V068	2	两处远距离原文均已取得即可停止	SOURCE_VERIFIED	Codex/source-check
Q154	file-path-symbol	哪个文件定义了 `VX_cache_data`？	"[""哪个文件定义了 `VX_cache_data`？""]"	`VX_cache_data`定义在hw/rtl/cache/VX_cache_data.sv。	hw/rtl/cache/VX_cache_data.sv	module VX_cache_data import VX_gpu_pkg::*; #(	VX_cache_data	V100	1	取得所需原文和来源即可停止	SOURCE_VERIFIED	Codex/source-check
Q155	chinese-natural-language	我想了解 Tensor，知识库里哪份资料说明了这个主题？	"[""我想了解 Tensor，知识库里哪份资料说明了这个主题？""]"	相关说明位于docs/designs/tensor_core_wgmma_engine.md。	docs/designs/tensor_core_wgmma_engine.md	# Tensor Core Unit (TCU / WGMMA) — Design	Tensor	V069	1	取得所需原文和来源即可停止	SOURCE_VERIFIED	Codex/source-check
Q156	late-file	请查找 `dxa_async_copy_multicast` 在资料后部的具体说明。	"[""请查找 `dxa_async_copy_multicast` 在资料后部的具体说明。""]"	相关说明位于docs/designs/tensor_core_wgmma_engine.md后部。	docs/designs/tensor_core_wgmma_engine.md	described in the DXA design (`dxa_async_copy_multicast.md`).	dxa_async_copy_multicast	V069	1	取得所需原文和来源即可停止	SOURCE_VERIFIED	Codex/source-check
Q157	multi-document	请分别查明 `Vortex` 和 `Performance` 的资料位置与原文依据。	"[""请查找与“Vortex”直接相关的资料和原文依据。"",""请查找与“Performance”直接相关的资料和原文依据。""]"	两项依据分别位于docs/kernel_debugging.md和docs/perfetto_analysis.md。	docs/kernel_debugging.md | docs/perfetto_analysis.md	# Vortex Debug Mode with GDB || # Vortex Perfetto Trace: Performance Analysis Guide	Vortex | Performance	V077,V078	3	两份来源的必要原文均已取得即可停止	SOURCE_VERIFIED	Codex/source-check
Q158	similar-distractor	同名文件很多，请定位 `adc_ctrl` 目录下 `README.md` 中关于 `Converter` 的原文。	"[""同名文件很多，请定位 `adc_ctrl` 目录下 `README.md` 中关于 `Converter` 的原文。""]"	目标是hw/ip/adc_ctrl/README.md，不是其他同名文件。	hw/ip/adc_ctrl/README.md	# Analog to Digital Converter Control Interface	adc_ctrl;Converter	O087	1	取得所需原文和来源即可停止	SOURCE_VERIFIED	Codex/source-check
Q159	no-answer	知识库是否定义了 `KM_ABSENT_GPU_PROTOCOL_05_20260819`？	"[""知识库是否定义了 `KM_ABSENT_GPU_PROTOCOL_05_20260819`？""]"	固定语料中没有该内容，应明确说明依据不足。		NONE	KM_ABSENT_GPU_PROTOCOL_05_20260819		1	所有检索轮次均无证据后停止	SOURCE_VERIFIED	Codex/source-check
Q160	multiple-expansions	请确认 `Tensor` 和 `dxa_async_copy_multicast` 是否在同一份资料的不同位置出现，并给出两处依据。	"[""请查找与“Tensor”直接相关的资料和原文依据。"",""请查找与“dxa_async_copy_multicast”直接相关的资料和原文依据。""]"	两处依据均位于docs/designs/tensor_core_wgmma_engine.md。	docs/designs/tensor_core_wgmma_engine.md	# Tensor Core Unit (TCU / WGMMA) — Design || described in the DXA design (`dxa_async_copy_multicast.md`).	Tensor | dxa_async_copy_multicast	V069	2	两处远距离原文均已取得即可停止	SOURCE_VERIFIED	Codex/source-check
Q161	file-path-symbol	哪个文件定义了 `VX_cache_init`？	"[""哪个文件定义了 `VX_cache_init`？""]"	`VX_cache_init`定义在hw/rtl/cache/VX_cache_init.sv。	hw/rtl/cache/VX_cache_init.sv	module VX_cache_init import VX_gpu_pkg::*; #(	VX_cache_init	V102	1	取得所需原文和来源即可停止	SOURCE_VERIFIED	Codex/source-check
Q162	chinese-natural-language	我想了解 Architecture，知识库里哪份资料说明了这个主题？	"[""我想了解 Architecture，知识库里哪份资料说明了这个主题？""]"	相关说明位于docs/designs/vortex_gem5_integration.md。	docs/designs/vortex_gem5_integration.md	## Architecture in one paragraph	Architecture	V070	1	取得所需原文和来源即可停止	SOURCE_VERIFIED	Codex/source-check
Q163	late-file	请查找 `gem5_v2_cp_migration_proposal` 在资料后部的具体说明。	"[""请查找 `gem5_v2_cp_migration_proposal` 在资料后部的具体说明。""]"	相关说明位于docs/designs/vortex_gem5_integration.md后部。	docs/designs/vortex_gem5_integration.md	`gem5_v2_cp_migration_proposal.md`. The CP architecture is in	gem5_v2_cp_migration_proposal	V070	1	取得所需原文和来源即可停止	SOURCE_VERIFIED	Codex/source-check
Q164	multi-document	请分别查明 `microarchitecture` 和 `simulation` 的资料位置与原文依据。	"[""请查找与“microarchitecture”直接相关的资料和原文依据。"",""请查找与“simulation”直接相关的资料和原文依据。""]"	两项依据分别位于docs/references.md和docs/simobject.md。	docs/references.md | docs/simobject.md	Foundational external resources on GPU microarchitecture and the domains Vortex || The `simobject.h` framework is the core simulation runtime used by the SimX	microarchitecture | simulation	V079,V080	3	两份来源的必要原文均已取得即可停止	SOURCE_VERIFIED	Codex/source-check
Q165	similar-distractor	同名文件很多，请定位 `aes` 目录下 `README.md` 中关于 `Specification` 的原文。	"[""同名文件很多，请定位 `aes` 目录下 `README.md` 中关于 `Specification` 的原文。""]"	目标是hw/ip/aes/README.md，不是其他同名文件。	hw/ip/aes/README.md	# AES HWIP Technical Specification	aes;Specification	O090	1	取得所需原文和来源即可停止	SOURCE_VERIFIED	Codex/source-check
Q166	multiple-expansions	请确认 `simulator` 和 `gem5_v2_cp_migration_proposal` 是否在同一份资料的不同位置出现，并给出两处依据。	"[""请查找与“simulator”直接相关的资料和原文依据。"",""请查找与“gem5_v2_cp_migration_proposal”直接相关的资料和原文依据。""]"	两处依据均位于docs/designs/vortex_gem5_integration.md。	docs/designs/vortex_gem5_integration.md	Vortex runs inside the [gem5](https://www.gem5.org/) simulator as a || `gem5_v2_cp_migration_proposal.md`. The CP architecture is in	simulator | gem5_v2_cp_migration_proposal	V070	2	两处远距离原文均已取得即可停止	SOURCE_VERIFIED	Codex/source-check
Q167	file-path-symbol	哪个文件定义了 `VX_cache_mshr`？	"[""哪个文件定义了 `VX_cache_mshr`？""]"	`VX_cache_mshr`定义在hw/rtl/cache/VX_cache_mshr.sv。	hw/rtl/cache/VX_cache_mshr.sv	module VX_cache_mshr import VX_gpu_pkg::*; #(	VX_cache_mshr	V103	1	取得所需原文和来源即可停止	SOURCE_VERIFIED	Codex/source-check
Q168	chinese-natural-language	我想了解 rendering-pipeline，知识库里哪份资料说明了这个主题？	"[""我想了解 rendering-pipeline，知识库里哪份资料说明了这个主题？""]"	相关说明位于docs/designs/vortexpipe_architecture.md。	docs/designs/vortexpipe_architecture.md	# vortexpipe — software, compiler, and rendering-pipeline architecture	rendering-pipeline	V071	1	取得所需原文和来源即可停止	SOURCE_VERIFIED	Codex/source-check
Q169	no-answer	知识库是否定义了 `KM_ABSENT_GPU_PROTOCOL_06_20260819`？	"[""知识库是否定义了 `KM_ABSENT_GPU_PROTOCOL_06_20260819`？""]"	固定语料中没有该内容，应明确说明依据不足。		NONE	KM_ABSENT_GPU_PROTOCOL_06_20260819		1	所有检索轮次均无证据后停止	SOURCE_VERIFIED	Codex/source-check
Q170	late-file	请查找 `graphics_hardware_stack` 在资料后部的具体说明。	"[""请查找 `graphics_hardware_stack` 在资料后部的具体说明。""]"	相关说明位于docs/designs/vortexpipe_architecture.md后部。	docs/designs/vortexpipe_architecture.md	[`graphics_hardware_stack.md`](graphics_hardware_stack.md).	graphics_hardware_stack	V071	1	取得所需原文和来源即可停止	SOURCE_VERIFIED	Codex/source-check
Q171	multi-document	请分别查明 `Synthesis` 和 `application` 的资料位置与原文依据。	"[""请查找与“Synthesis”直接相关的资料和原文依据。"",""请查找与“application”直接相关的资料和原文依据。""]"	两项依据分别位于docs/synthesis_analysis.md和docs/testing.md。	docs/synthesis_analysis.md | docs/testing.md	# Synthesis and Power Analysis || ## Running a Vortex application	Synthesis | application	V083,V084	3	两份来源的必要原文均已取得即可停止	SOURCE_VERIFIED	Codex/source-check
Q172	similar-distractor	同名文件很多，请定位 `aon_timer` 目录下 `README.md` 中关于 `Specification` 的原文。	"[""同名文件很多，请定位 `aon_timer` 目录下 `README.md` 中关于 `Specification` 的原文。""]"	目标是hw/ip/aon_timer/README.md，不是其他同名文件。	hw/ip/aon_timer/README.md	# AON Timer Technical Specification	aon_timer;Specification	O094	1	取得所需原文和来源即可停止	SOURCE_VERIFIED	Codex/source-check
Q173	multiple-expansions	请确认 `rendering-pipeline` 和 `graphics_hardware_stack` 是否在同一份资料的不同位置出现，并给出两处依据。	"[""请查找与“rendering-pipeline”直接相关的资料和原文依据。"",""请查找与“graphics_hardware_stack”直接相关的资料和原文依据。""]"	两处依据均位于docs/designs/vortexpipe_architecture.md。	docs/designs/vortexpipe_architecture.md	# vortexpipe — software, compiler, and rendering-pipeline architecture || [`graphics_hardware_stack.md`](graphics_hardware_stack.md).	rendering-pipeline | graphics_hardware_stack	V071	2	两处远距离原文均已取得即可停止	SOURCE_VERIFIED	Codex/source-check
Q174	file-path-symbol	哪个文件定义了 `plru_decoder`？	"[""哪个文件定义了 `plru_decoder`？""]"	`plru_decoder`定义在hw/rtl/cache/VX_cache_repl.sv。	hw/rtl/cache/VX_cache_repl.sv	module plru_decoder import VX_gpu_pkg::*; #(	plru_decoder	V104	1	取得所需原文和来源即可停止	SOURCE_VERIFIED	Codex/source-check
Q175	chinese-natural-language	我想了解 System，知识库里哪份资料说明了这个主题？	"[""我想了解 System，知识库里哪份资料说明了这个主题？""]"	相关说明位于docs/environment_setup.md。	docs/environment_setup.md	## Set Up on Your Own System	System	V072	1	取得所需原文和来源即可停止	SOURCE_VERIFIED	Codex/source-check
Q176	late-file	请查找 `container-name` 在资料后部的具体说明。	"[""请查找 `container-name` 在资料后部的具体说明。""]"	相关说明位于docs/environment_setup.md后部。	docs/environment_setup.md	You may exit from a container and resume a container you have exited or start a second terminal session `docker exec -it <container-name> bash`	container-name	V072	1	取得所需原文和来源即可停止	SOURCE_VERIFIED	Codex/source-check
Q177	multi-document	请分别查明 `svBitVecVal` 和 `dpi_fadd` 的资料位置与原文依据。	"[""请查找与“svBitVecVal”直接相关的资料和原文依据。"",""请查找与“dpi_fadd”直接相关的资料和原文依据。""]"	两项依据分别位于hw/dpi/dpi_float.cpp和hw/dpi/dpi_float.vh。	hw/dpi/dpi_float.cpp | hw/dpi/dpi_float.vh	"void dpi_fadd(bool enable, int dst_fmt, int64_t a, int64_t b, const svBitVecVal* frm, int64_t* result, svBitVecVal* fflags); || import ""DPI-C"" function void dpi_fadd(input logic enable, input int dst_fmt, input longint a, input longint b, input bit[2:0] frm, output longint result, output bit[4:0] fflags);"	svBitVecVal | dpi_fadd	V086,V087	3	两份来源的必要原文均已取得即可停止	SOURCE_VERIFIED	Codex/source-check
Q178	similar-distractor	同名文件很多，请定位 `ascon` 目录下 `README.md` 中关于 `functionality` 的原文。	"[""同名文件很多，请定位 `ascon` 目录下 `README.md` 中关于 `functionality` 的原文。""]"	目标是hw/ip/ascon/README.md，不是其他同名文件。	hw/ip/ascon/README.md	This document specifies the [Ascon](https://ascon.iaik.tugraz.at/) hardware IP functionality.	ascon;functionality	O097	1	取得所需原文和来源即可停止	SOURCE_VERIFIED	Codex/source-check
Q179	no-answer	知识库是否定义了 `KM_ABSENT_GPU_PROTOCOL_07_20260819`？	"[""知识库是否定义了 `KM_ABSENT_GPU_PROTOCOL_07_20260819`？""]"	固定语料中没有该内容，应明确说明依据不足。		NONE	KM_ABSENT_GPU_PROTOCOL_07_20260819		1	所有检索轮次均无证据后停止	SOURCE_VERIFIED	Codex/source-check
Q180	multiple-expansions	请确认 `System` 和 `container-name` 是否在同一份资料的不同位置出现，并给出两处依据。	"[""请查找与“System”直接相关的资料和原文依据。"",""请查找与“container-name”直接相关的资料和原文依据。""]"	两处依据均位于docs/environment_setup.md。	docs/environment_setup.md	## Set Up on Your Own System || You may exit from a container and resume a container you have exited or start a second terminal session `docker exec -it <container-name> bash`	System | container-name	V072	2	两处远距离原文均已取得即可停止	SOURCE_VERIFIED	Codex/source-check
Q181	file-path-symbol	哪个文件定义了 `VX_cache_tags`？	"[""哪个文件定义了 `VX_cache_tags`？""]"	`VX_cache_tags`定义在hw/rtl/cache/VX_cache_tags.sv。	hw/rtl/cache/VX_cache_tags.sv	module VX_cache_tags import VX_gpu_pkg::*; #(	VX_cache_tags	V105	1	取得所需原文和来源即可停止	SOURCE_VERIFIED	Codex/source-check
Q182	chinese-natural-language	我想了解 Configuration，知识库里哪份资料说明了这个主题？	"[""我想了解 Configuration，知识库里哪份资料说明了这个主题？""]"	相关说明位于docs/fpga_setup.md。	docs/fpga_setup.md	# FPGA Startup and Configuration Guide	Configuration	V073	1	取得所需原文和来源即可停止	SOURCE_VERIFIED	Codex/source-check
Q183	late-file	请查找 `ASE_WORKDIR` 在资料后部的具体说明。	"[""请查找 `ASE_WORKDIR` 在资料后部的具体说明。""]"	相关说明位于docs/fpga_setup.md后部。	docs/fpga_setup.md	"```$ ASE_LOG=0 ASE_WORKDIR=<build_dir>/synth/work TARGET=asesim ./ci/blackbox.sh --driver=opae --app=sgemm --args=""-n16""```"	ASE_WORKDIR	V073	1	取得所需原文和来源即可停止	SOURCE_VERIFIED	Codex/source-check
Q184	multi-document	请分别查明 `is_signed_a` 和 `INT_TYPE` 的资料位置与原文依据。	"[""请查找与“is_signed_a”直接相关的资料和原文依据。"",""请查找与“INT_TYPE”直接相关的资料和原文依据。""]"	两项依据分别位于hw/dpi/dpi_util.cpp和hw/dpi/dpi_util.vh。	hw/dpi/dpi_util.cpp | hw/dpi/dpi_util.vh	void dpi_imul(bool enable, bool is_signed_a, bool is_signed_b, int32_t a, int32_t b, int32_t* resultl, int32_t* resulth); || `define INT_TYPE longint	is_signed_a | INT_TYPE	V088,V089	3	两份来源的必要原文均已取得即可停止	SOURCE_VERIFIED	Codex/source-check
Q185	similar-distractor	同名文件很多，请定位 `bkdr_loader` 目录下 `README.md` 中关于 `Specification` 的原文。	"[""同名文件很多，请定位 `bkdr_loader` 目录下 `README.md` 中关于 `Specification` 的原文。""]"	目标是hw/ip/bkdr_loader/README.md，不是其他同名文件。	hw/ip/bkdr_loader/README.md	# BKDR_LOADER Technical Specification	bkdr_loader;Specification	O099	1	取得所需原文和来源即可停止	SOURCE_VERIFIED	Codex/source-check
Q186	multiple-expansions	请确认 `Configuration` 和 `ASE_WORKDIR` 是否在同一份资料的不同位置出现，并给出两处依据。	"[""请查找与“Configuration”直接相关的资料和原文依据。"",""请查找与“ASE_WORKDIR”直接相关的资料和原文依据。""]"	两处依据均位于docs/fpga_setup.md。	docs/fpga_setup.md	"# FPGA Startup and Configuration Guide || ```$ ASE_LOG=0 ASE_WORKDIR=<build_dir>/synth/work TARGET=asesim ./ci/blackbox.sh --driver=opae --app=sgemm --args=""-n16""```"	Configuration | ASE_WORKDIR	V073	2	两处远距离原文均已取得即可停止	SOURCE_VERIFIED	Codex/source-check
Q187	file-path-symbol	哪个文件定义了 `VX_cache_wrap`？	"[""哪个文件定义了 `VX_cache_wrap`？""]"	`VX_cache_wrap`定义在hw/rtl/cache/VX_cache_wrap.sv。	hw/rtl/cache/VX_cache_wrap.sv	module VX_cache_wrap import VX_gpu_pkg::*; #(	VX_cache_wrap	V106	1	取得所需原文和来源即可停止	SOURCE_VERIFIED	Codex/source-check
Q188	chinese-natural-language	我想了解 Reference，知识库里哪份资料说明了这个主题？	"[""我想了解 Reference，知识库里哪份资料说明了这个主题？""]"	相关说明位于docs/hardware_library.md。	docs/hardware_library.md	# Vortex Hardware IP Library Reference	Reference	V074	1	取得所需原文和来源即可停止	SOURCE_VERIFIED	Codex/source-check
Q189	late-file	请查找 `VX_wallace_mul` 在资料后部的具体说明。	"[""请查找 `VX_wallace_mul` 在资料后部的具体说明。""]"	相关说明位于docs/hardware_library.md后部。	docs/hardware_library.md	| 75 | VX_wallace_mul | Arithmetic | Large | O(log N) |	VX_wallace_mul	V074	1	取得所需原文和来源即可停止	SOURCE_VERIFIED	Codex/source-check
Q190	no-answer	知识库是否定义了 `KM_ABSENT_GPU_PROTOCOL_08_20260819`？	"[""知识库是否定义了 `KM_ABSENT_GPU_PROTOCOL_08_20260819`？""]"	固定语料中没有该内容，应明确说明依据不足。		NONE	KM_ABSENT_GPU_PROTOCOL_08_20260819		1	所有检索轮次均无证据后停止	SOURCE_VERIFIED	Codex/source-check
Q191	multi-document	请分别查明 `Cluster-level` 和 `VX_kmu` 的资料位置与原文依据。	"[""请查找与“Cluster-level”直接相关的资料和原文依据。"",""请查找与“VX_kmu”直接相关的资料和原文依据。""]"	两项依据分别位于hw/rtl/VX_graphics.sv和hw/rtl/VX_kmu.sv。	hw/rtl/VX_graphics.sv | hw/rtl/VX_kmu.sv	// Cluster-level wrapper that owns the shared TEX, RASTER and OM units || module VX_kmu import VX_gpu_pkg::*; import VX_trace_pkg::*; #(	Cluster-level | VX_kmu	V090,V091	3	两份来源的必要原文均已取得即可停止	SOURCE_VERIFIED	Codex/source-check
Q192	similar-distractor	同名文件很多，请定位 `csrng` 目录下 `README.md` 中关于 `Specification` 的原文。	"[""同名文件很多，请定位 `csrng` 目录下 `README.md` 中关于 `Specification` 的原文。""]"	目标是hw/ip/csrng/README.md，不是其他同名文件。	hw/ip/csrng/README.md	# CSRNG HWIP Technical Specification	csrng;Specification	O102	1	取得所需原文和来源即可停止	SOURCE_VERIFIED	Codex/source-check
Q193	multiple-expansions	请确认 `Reference` 和 `VX_wallace_mul` 是否在同一份资料的不同位置出现，并给出两处依据。	"[""请查找与“Reference”直接相关的资料和原文依据。"",""请查找与“VX_wallace_mul”直接相关的资料和原文依据。""]"	两处依据均位于docs/hardware_library.md。	docs/hardware_library.md	# Vortex Hardware IP Library Reference || | 75 | VX_wallace_mul | Arithmetic | Large | O(log N) |	Reference | VX_wallace_mul	V074	2	两处远距离原文均已取得即可停止	SOURCE_VERIFIED	Codex/source-check
Q194	file-path-symbol	哪个文件定义了 `VX_alu_int`？	"[""哪个文件定义了 `VX_alu_int`？""]"	`VX_alu_int`定义在hw/rtl/core/VX_alu_int.sv。	hw/rtl/core/VX_alu_int.sv	module VX_alu_int import VX_gpu_pkg::*; #(	VX_alu_int	V107	1	取得所需原文和来源即可停止	SOURCE_VERIFIED	Codex/source-check
Q195	chinese-natural-language	我想了解 Environment，知识库里哪份资料说明了这个主题？	"[""我想了解 Environment，知识库里哪份资料说明了这个主题？""]"	相关说明位于docs/install_vortex.md。	docs/install_vortex.md	# Installing and Setting Up the Vortex Environment	Environment	V076	1	取得所需原文和来源即可停止	SOURCE_VERIFIED	Codex/source-check
Q196	late-file	请查找 `continuous_integration` 在资料后部的具体说明。	"[""请查找 `continuous_integration` 在资料后部的具体说明。""]"	相关说明位于docs/index.md后部。	docs/index.md	- [Continuous Integration Design](designs/continuous_integration.md)	continuous_integration	V075	1	取得所需原文和来源即可停止	SOURCE_VERIFIED	Codex/source-check
Q197	multi-document	请分别查明 `STATIC_ASSERT` 和 `scope_reset` 的资料位置与原文依据。	"[""请查找与“STATIC_ASSERT”直接相关的资料和原文依据。"",""请查找与“scope_reset”直接相关的资料和原文依据。""]"	两项依据分别位于hw/rtl/VX_platform.vh和hw/rtl/VX_scope.vh。	hw/rtl/VX_platform.vh | hw/rtl/VX_scope.vh	`define STATIC_ASSERT(cond, msg) \ || input wire scope_reset, \	STATIC_ASSERT | scope_reset	V092,V093	3	两份来源的必要原文均已取得即可停止	SOURCE_VERIFIED	Codex/source-check
Q198	similar-distractor	同名文件很多，请定位 `dma` 目录下 `README.md` 中关于 `system-on-chip` 的原文。	"[""同名文件很多，请定位 `dma` 目录下 `README.md` 中关于 `system-on-chip` 的原文。""]"	目标是hw/ip/dma/README.md，不是其他同名文件。	hw/ip/dma/README.md	The Direct Memory Access (DMA) controller is a peripheral within the OpenTitan system-on-chip (SoC).	dma;system-on-chip	O106	1	取得所需原文和来源即可停止	SOURCE_VERIFIED	Codex/source-check
Q199	multiple-expansions	请确认 `environment_setup` 和 `continuous_integration` 是否在同一份资料的不同位置出现，并给出两处依据。	"[""请查找与“environment_setup”直接相关的资料和原文依据。"",""请查找与“continuous_integration”直接相关的资料和原文依据。""]"	两处依据均位于docs/index.md。	docs/index.md	- [Environment Setup](environment_setup.md): system prerequisites and toolchain setup || - [Continuous Integration Design](designs/continuous_integration.md)	environment_setup | continuous_integration	V075	2	两处远距离原文均已取得即可停止	SOURCE_VERIFIED	Codex/source-check
Q200	no-answer	知识库是否定义了 `KM_ABSENT_GPU_PROTOCOL_09_20260819`？	"[""知识库是否定义了 `KM_ABSENT_GPU_PROTOCOL_09_20260819`？""]"	固定语料中没有该内容，应明确说明依据不足。		NONE	KM_ABSENT_GPU_PROTOCOL_09_20260819		1	所有检索轮次均无证据后停止	SOURCE_VERIFIED	Codex/source-check
Q201	file-path-symbol	哪个文件定义了 `VX_alu_muldiv`？	"[""哪个文件定义了 `VX_alu_muldiv`？""]"	`VX_alu_muldiv`定义在hw/rtl/core/VX_alu_muldiv.sv。	hw/rtl/core/VX_alu_muldiv.sv	module VX_alu_muldiv import VX_gpu_pkg::*; #(	VX_alu_muldiv	V108	1	取得所需原文和来源即可停止	SOURCE_VERIFIED	Codex/source-check
Q202	chinese-natural-language	我想了解 Vortex，知识库里哪份资料说明了这个主题？	"[""我想了解 Vortex，知识库里哪份资料说明了这个主题？""]"	相关说明位于docs/kernel_debugging.md。	docs/kernel_debugging.md	# Vortex Debug Mode with GDB	Vortex	V077	1	取得所需原文和来源即可停止	SOURCE_VERIFIED	Codex/source-check
Q203	late-file	请查找 `install-tree` 在资料后部的具体说明。	"[""请查找 `install-tree` 在资料后部的具体说明。""]"	相关说明位于docs/install_vortex.md后部。	docs/install_vortex.md	See the Ubuntu section above for the install-tree layout.	install-tree	V076	1	取得所需原文和来源即可停止	SOURCE_VERIFIED	Codex/source-check
Q204	multi-document	请分别查明 `NUM_REGS_BITS-1:0` 和 `combinational` 的资料位置与原文依据。	"[""请查找与“NUM_REGS_BITS-1:0”直接相关的资料和原文依据。"",""请查找与“combinational”直接相关的资料和原文依据。""]"	两项依据分别位于hw/rtl/VX_trace_pkg.sv和hw/rtl/cache/VX_amo_alu.sv。	hw/rtl/VX_trace_pkg.sv | hw/rtl/cache/VX_amo_alu.sv	task trace_reg_idx(input int level, input logic [NUM_REGS_BITS-1:0] reg_id); || // Pure combinational RVA RMW kernel. Given the cache line's current word	NUM_REGS_BITS-1:0 | combinational	V094,V095	3	两份来源的必要原文均已取得即可停止	SOURCE_VERIFIED	Codex/source-check
Q205	similar-distractor	同名文件很多，请定位 `edn` 目录下 `README.md` 中关于 `Specification` 的原文。	"[""同名文件很多，请定位 `edn` 目录下 `README.md` 中关于 `Specification` 的原文。""]"	目标是hw/ip/edn/README.md，不是其他同名文件。	hw/ip/edn/README.md	# EDN HWIP Technical Specification	edn;Specification	O110	1	取得所需原文和来源即可停止	SOURCE_VERIFIED	Codex/source-check
Q206	multiple-expansions	请确认 `Environment` 和 `install-tree` 是否在同一份资料的不同位置出现，并给出两处依据。	"[""请查找与“Environment”直接相关的资料和原文依据。"",""请查找与“install-tree”直接相关的资料和原文依据。""]"	两处依据均位于docs/install_vortex.md。	docs/install_vortex.md	# Installing and Setting Up the Vortex Environment || See the Ubuntu section above for the install-tree layout.	Environment | install-tree	V076	2	两处远距离原文均已取得即可停止	SOURCE_VERIFIED	Codex/source-check
Q207	file-path-symbol	哪个文件定义了 `VX_csr_unit`？	"[""哪个文件定义了 `VX_csr_unit`？""]"	`VX_csr_unit`定义在hw/rtl/core/VX_csr_unit.sv。	hw/rtl/core/VX_csr_unit.sv	module VX_csr_unit import VX_gpu_pkg::*; #(	VX_csr_unit	V109	1	取得所需原文和来源即可停止	SOURCE_VERIFIED	Codex/source-check
Q208	chinese-natural-language	我想了解 Performance，知识库里哪份资料说明了这个主题？	"[""我想了解 Performance，知识库里哪份资料说明了这个主题？""]"	相关说明位于docs/perfetto_analysis.md。	docs/perfetto_analysis.md	# Vortex Perfetto Trace: Performance Analysis Guide	Performance	V078	1	取得所需原文和来源即可停止	SOURCE_VERIFIED	Codex/source-check
Q209	late-file	请查找 `sourceware` 在资料后部的具体说明。	"[""请查找 `sourceware` 在资料后部的具体说明。""]"	相关说明位于docs/kernel_debugging.md后部。	docs/kernel_debugging.md	- [GDB User Manual](https://sourceware.org/gdb/current/onlinedocs/gdb/)	sourceware	V077	1	取得所需原文和来源即可停止	SOURCE_VERIFIED	Codex/source-check
Q210	multi-document	请分别查明 `Per-LLC-bank` 和 `VX_cache_bank` 的资料位置与原文依据。	"[""请查找与“Per-LLC-bank”直接相关的资料和原文依据。"",""请查找与“VX_cache_bank”直接相关的资料和原文依据。""]"	两项依据分别位于hw/rtl/cache/VX_amo_unit.sv和hw/rtl/cache/VX_cache_bank.sv。	hw/rtl/cache/VX_amo_unit.sv | hw/rtl/cache/VX_cache_bank.sv	// Per-LLC-bank AMO helper: the RVA RMW kernel + a small reservation cache. || module VX_cache_bank import VX_gpu_pkg::*; #(	Per-LLC-bank | VX_cache_bank	V096,V097	3	两份来源的必要原文均已取得即可停止	SOURCE_VERIFIED	Codex/source-check
Q211	no-answer	知识库是否定义了 `KM_ABSENT_GPU_PROTOCOL_10_20260819`？	"[""知识库是否定义了 `KM_ABSENT_GPU_PROTOCOL_10_20260819`？""]"	固定语料中没有该内容，应明确说明依据不足。		NONE	KM_ABSENT_GPU_PROTOCOL_10_20260819		1	所有检索轮次均无证据后停止	SOURCE_VERIFIED	Codex/source-check
Q212	similar-distractor	同名文件很多，请定位 `entropy_src` 目录下 `README.md` 中关于 `Specification` 的原文。	"[""同名文件很多，请定位 `entropy_src` 目录下 `README.md` 中关于 `Specification` 的原文。""]"	目标是hw/ip/entropy_src/README.md，不是其他同名文件。	hw/ip/entropy_src/README.md	# ENTROPY_SRC HWIP Technical Specification	entropy_src;Specification	O114	1	取得所需原文和来源即可停止	SOURCE_VERIFIED	Codex/source-check
Q213	multiple-expansions	请确认 `Vortex` 和 `sourceware` 是否在同一份资料的不同位置出现，并给出两处依据。	"[""请查找与“Vortex”直接相关的资料和原文依据。"",""请查找与“sourceware”直接相关的资料和原文依据。""]"	两处依据均位于docs/kernel_debugging.md。	docs/kernel_debugging.md	# Vortex Debug Mode with GDB || - [GDB User Manual](https://sourceware.org/gdb/current/onlinedocs/gdb/)	Vortex | sourceware	V077	2	两处远距离原文均已取得即可停止	SOURCE_VERIFIED	Codex/source-check
Q214	file-path-symbol	哪个文件定义了 `VX_dcr_arb`？	"[""哪个文件定义了 `VX_dcr_arb`？""]"	`VX_dcr_arb`定义在hw/rtl/core/VX_dcr_arb.sv。	hw/rtl/core/VX_dcr_arb.sv	module VX_dcr_arb import VX_gpu_pkg::*; #(	VX_dcr_arb	V110	1	取得所需原文和来源即可停止	SOURCE_VERIFIED	Codex/source-check
Q215	chinese-natural-language	我想了解 architecture，知识库里哪份资料说明了这个主题？	"[""我想了解 architecture，知识库里哪份资料说明了这个主题？""]"	相关说明位于docs/references.md。	docs/references.md	## GPU architecture fundamentals	architecture	V079	1	取得所需原文和来源即可停止	SOURCE_VERIFIED	Codex/source-check
Q216	late-file	请查找 `long-latency` 在资料后部的具体说明。	"[""请查找 `long-latency` 在资料后部的具体说明。""]"	相关说明位于docs/perfetto_analysis.md后部。	docs/perfetto_analysis.md	- The UUID(s) of the long-latency instruction(s)	long-latency	V078	1	取得所需原文和来源即可停止	SOURCE_VERIFIED	Codex/source-check
Q217	multi-document	请分别查明 `VX_cache_bypass` 和 `VX_cache_cluster` 的资料位置与原文依据。	"[""请查找与“VX_cache_bypass”直接相关的资料和原文依据。"",""请查找与“VX_cache_cluster”直接相关的资料和原文依据。""]"	两项依据分别位于hw/rtl/cache/VX_cache_bypass.sv和hw/rtl/cache/VX_cache_cluster.sv。	hw/rtl/cache/VX_cache_bypass.sv | hw/rtl/cache/VX_cache_cluster.sv	module VX_cache_bypass import VX_gpu_pkg::*; #( || module VX_cache_cluster import VX_gpu_pkg::*; #(	VX_cache_bypass | VX_cache_cluster	V098,V099	3	两份来源的必要原文均已取得即可停止	SOURCE_VERIFIED	Codex/source-check
Q218	similar-distractor	同名文件很多，请定位 `hmac` 目录下 `README.md` 中关于 `Specification` 的原文。	"[""同名文件很多，请定位 `hmac` 目录下 `README.md` 中关于 `Specification` 的原文。""]"	目标是hw/ip/hmac/README.md，不是其他同名文件。	hw/ip/hmac/README.md	# HMAC HWIP Technical Specification	hmac;Specification	O119	1	取得所需原文和来源即可停止	SOURCE_VERIFIED	Codex/source-check
Q219	multiple-expansions	请确认 `Performance` 和 `long-latency` 是否在同一份资料的不同位置出现，并给出两处依据。	"[""请查找与“Performance”直接相关的资料和原文依据。"",""请查找与“long-latency”直接相关的资料和原文依据。""]"	两处依据均位于docs/perfetto_analysis.md。	docs/perfetto_analysis.md	# Vortex Perfetto Trace: Performance Analysis Guide || - The UUID(s) of the long-latency instruction(s)	Performance | long-latency	V078	2	两处远距离原文均已取得即可停止	SOURCE_VERIFIED	Codex/source-check
Q220	file-path-symbol	哪个文件定义了 `VX_dcr_data`？	"[""哪个文件定义了 `VX_dcr_data`？""]"	`VX_dcr_data`定义在hw/rtl/core/VX_dcr_data.sv。	hw/rtl/core/VX_dcr_data.sv	module VX_dcr_data import VX_gpu_pkg::*; #(	VX_dcr_data	V111	1	取得所需原文和来源即可停止	SOURCE_VERIFIED	Codex/source-check
Q221	no-answer	知识库是否定义了 `KM_ABSENT_GPU_PROTOCOL_11_20260819`？	"[""知识库是否定义了 `KM_ABSENT_GPU_PROTOCOL_11_20260819`？""]"	固定语料中没有该内容，应明确说明依据不足。		NONE	KM_ABSENT_GPU_PROTOCOL_11_20260819		1	所有检索轮次均无证据后停止	SOURCE_VERIFIED	Codex/source-check
Q222	chinese-natural-language	我想了解 Protected，知识库里哪份资料说明了这个主题？	"[""我想了解 Protected，知识库里哪份资料说明了这个主题？""]"	相关说明位于docs/simobject.md。	docs/simobject.md	### Protected lifecycle hooks	Protected	V080	1	取得所需原文和来源即可停止	SOURCE_VERIFIED	Codex/source-check
Q223	late-file	请查找 `concepts` 在资料后部的具体说明。	"[""请查找 `concepts` 在资料后部的具体说明。""]"	相关说明位于docs/references.md后部。	docs/references.md	OpenCL/HIP concepts map onto.	concepts	V079	1	取得所需原文和来源即可停止	SOURCE_VERIFIED	Codex/source-check
Q224	multi-document	请分别查明 `Word-sliced` 和 `VX_CACHE_DEFINE_VH` 的资料位置与原文依据。	"[""请查找与“Word-sliced”直接相关的资料和原文依据。"",""请查找与“VX_CACHE_DEFINE_VH”直接相关的资料和原文依据。""]"	两项依据分别位于hw/rtl/cache/VX_cache_data.sv和hw/rtl/cache/VX_cache_define.vh。	hw/rtl/cache/VX_cache_data.sv | hw/rtl/cache/VX_cache_define.vh	// Word-sliced, way-indexed data array. || `ifndef VX_CACHE_DEFINE_VH	Word-sliced | VX_CACHE_DEFINE_VH	V100,V101	3	两份来源的必要原文均已取得即可停止	SOURCE_VERIFIED	Codex/source-check
Q225	similar-distractor	同名文件很多，请定位 `i2c` 目录下 `README.md` 中关于 `Specification` 的原文。	"[""同名文件很多，请定位 `i2c` 目录下 `README.md` 中关于 `Specification` 的原文。""]"	目标是hw/ip/i2c/README.md，不是其他同名文件。	hw/ip/i2c/README.md	# I2C HWIP Technical Specification	i2c;Specification	O122	1	取得所需原文和来源即可停止	SOURCE_VERIFIED	Codex/source-check
Q226	multiple-expansions	请确认 `microarchitecture` 和 `concepts` 是否在同一份资料的不同位置出现，并给出两处依据。	"[""请查找与“microarchitecture”直接相关的资料和原文依据。"",""请查找与“concepts”直接相关的资料和原文依据。""]"	两处依据均位于docs/references.md。	docs/references.md	Foundational external resources on GPU microarchitecture and the domains Vortex || OpenCL/HIP concepts map onto.	microarchitecture | concepts	V079	2	两处远距离原文均已取得即可停止	SOURCE_VERIFIED	Codex/source-check
Q227	file-path-symbol	哪个文件定义了 `VX_dcr_flush`？	"[""哪个文件定义了 `VX_dcr_flush`？""]"	`VX_dcr_flush`定义在hw/rtl/core/VX_dcr_flush.sv。	hw/rtl/core/VX_dcr_flush.sv	module VX_dcr_flush import VX_gpu_pkg::*; #(	VX_dcr_flush	V112	1	取得所需原文和来源即可停止	SOURCE_VERIFIED	Codex/source-check
Q228	chinese-natural-language	我想了解 Simulation，知识库里哪份资料说明了这个主题？	"[""我想了解 Simulation，知识库里哪份资料说明了这个主题？""]"	相关说明位于docs/simulation.md。	docs/simulation.md	# Vortex Simulation Methods	Simulation	V081	1	取得所需原文和来源即可停止	SOURCE_VERIFIED	Codex/source-check
Q229	late-file	请查找 `endpoint` 在资料后部的具体说明。	"[""请查找 `endpoint` 在资料后部的具体说明。""]"	相关说明位于docs/simobject.md后部。	docs/simobject.md	// ep now points at the final endpoint channel.	endpoint	V080	1	取得所需原文和来源即可停止	SOURCE_VERIFIED	Codex/source-check
Q230	multi-document	请分别查明 `VX_cache_init` 和 `implementation` 的资料位置与原文依据。	"[""请查找与“VX_cache_init”直接相关的资料和原文依据。"",""请查找与“implementation”直接相关的资料和原文依据。""]"	两项依据分别位于hw/rtl/cache/VX_cache_init.sv和hw/rtl/cache/VX_cache_mshr.sv。	hw/rtl/cache/VX_cache_init.sv | hw/rtl/cache/VX_cache_mshr.sv	module VX_cache_init import VX_gpu_pkg::*; #( || // This is an implementation of a MSHR for pipelined multi-banked cache.	VX_cache_init | implementation	V102,V103	3	两份来源的必要原文均已取得即可停止	SOURCE_VERIFIED	Codex/source-check
Q231	similar-distractor	同名文件很多，请定位 `i3c` 目录下 `README.md` 中关于 `functionality` 的原文。	"[""同名文件很多，请定位 `i3c` 目录下 `README.md` 中关于 `functionality` 的原文。""]"	目标是hw/ip/i3c/README.md，不是其他同名文件。	hw/ip/i3c/README.md	This document specifies the I3C Controller/Target IP functionality.	i3c;functionality	O126	1	取得所需原文和来源即可停止	SOURCE_VERIFIED	Codex/source-check
Q232	no-answer	知识库是否定义了 `KM_ABSENT_GPU_PROTOCOL_12_20260819`？	"[""知识库是否定义了 `KM_ABSENT_GPU_PROTOCOL_12_20260819`？""]"	固定语料中没有该内容，应明确说明依据不足。		NONE	KM_ABSENT_GPU_PROTOCOL_12_20260819		1	所有检索轮次均无证据后停止	SOURCE_VERIFIED	Codex/source-check
Q233	multiple-expansions	请确认 `simulation` 和 `endpoint` 是否在同一份资料的不同位置出现，并给出两处依据。	"[""请查找与“simulation”直接相关的资料和原文依据。"",""请查找与“endpoint”直接相关的资料和原文依据。""]"	两处依据均位于docs/simobject.md。	docs/simobject.md	The `simobject.h` framework is the core simulation runtime used by the SimX || // ep now points at the final endpoint channel.	simulation | endpoint	V080	2	两处远距离原文均已取得即可停止	SOURCE_VERIFIED	Codex/source-check
Q234	file-path-symbol	哪个文件定义了 `VX_decompressor`？	"[""哪个文件定义了 `VX_decompressor`？""]"	`VX_decompressor`定义在hw/rtl/core/VX_decompressor.sv。	hw/rtl/core/VX_decompressor.sv	module VX_decompressor import VX_gpu_pkg::*; #(	VX_decompressor	V113	1	取得所需原文和来源即可停止	SOURCE_VERIFIED	Codex/source-check
Q235	chinese-natural-language	我想了解 Synthesis，知识库里哪份资料说明了这个主题？	"[""我想了解 Synthesis，知识库里哪份资料说明了这个主题？""]"	相关说明位于docs/synthesis_analysis.md。	docs/synthesis_analysis.md	# Synthesis and Power Analysis	Synthesis	V083	1	取得所需原文和来源即可停止	SOURCE_VERIFIED	Codex/source-check
Q236	late-file	请查找 `blackbox` 在资料后部的具体说明。	"[""请查找 `blackbox` 在资料后部的具体说明。""]"	相关说明位于docs/simulation.md后部。	docs/simulation.md	$ ./ci/blackbox.sh --driver=simx --clusters=4 --cores=4 --warps=8 --threads=6 --app=dogfood	blackbox	V081	1	取得所需原文和来源即可停止	SOURCE_VERIFIED	Codex/source-check
Q237	multi-document	请分别查明 `encoder` 和 `Single-array` 的资料位置与原文依据。	"[""请查找与“encoder”直接相关的资料和原文依据。"",""请查找与“Single-array”直接相关的资料和原文依据。""]"	两项依据分别位于hw/rtl/cache/VX_cache_repl.sv和hw/rtl/cache/VX_cache_tags.sv。	hw/rtl/cache/VX_cache_repl.sv | hw/rtl/cache/VX_cache_tags.sv	// Fast PLRU encoder and decoder utility || // Single-array tag store with per-way write-enable.	encoder | Single-array	V104,V105	3	两份来源的必要原文均已取得即可停止	SOURCE_VERIFIED	Codex/source-check
Q238	similar-distractor	同名文件很多，请定位 `keymgr` 目录下 `README.md` 中关于 `Specification` 的原文。	"[""同名文件很多，请定位 `keymgr` 目录下 `README.md` 中关于 `Specification` 的原文。""]"	目标是hw/ip/keymgr/README.md，不是其他同名文件。	hw/ip/keymgr/README.md	# Key Manager HWIP Technical Specification	keymgr;Specification	O128	1	取得所需原文和来源即可停止	SOURCE_VERIFIED	Codex/source-check
Q239	multiple-expansions	请确认 `Simulation` 和 `blackbox` 是否在同一份资料的不同位置出现，并给出两处依据。	"[""请查找与“Simulation”直接相关的资料和原文依据。"",""请查找与“blackbox”直接相关的资料和原文依据。""]"	两处依据均位于docs/simulation.md。	docs/simulation.md	# Vortex Simulation Methods || $ ./ci/blackbox.sh --driver=simx --clusters=4 --cores=4 --warps=8 --threads=6 --app=dogfood	Simulation | blackbox	V081	2	两处远距离原文均已取得即可停止	SOURCE_VERIFIED	Codex/source-check
Q240	file-path-symbol	哪个文件定义了 `VX_dispatcher`？	"[""哪个文件定义了 `VX_dispatcher`？""]"	`VX_dispatcher`定义在hw/rtl/core/VX_dispatcher.sv。	hw/rtl/core/VX_dispatcher.sv	module VX_dispatcher import VX_gpu_pkg::*; #(	VX_dispatcher	V114	1	取得所需原文和来源即可停止	SOURCE_VERIFIED	Codex/source-check
Q241	chinese-natural-language	我想了解 application，知识库里哪份资料说明了这个主题？	"[""我想了解 application，知识库里哪份资料说明了这个主题？""]"	相关说明位于docs/testing.md。	docs/testing.md	## Running a Vortex application	application	V084	1	取得所需原文和来源即可停止	SOURCE_VERIFIED	Codex/source-check
Q242	late-file	请查找 `power` 在资料后部的具体说明。	"[""请查找 `power` 在资料后部的具体说明。""]"	相关说明位于docs/synthesis_analysis.md后部。	docs/synthesis_analysis.md	- For hierarchical analysis, look at per-module power breakdowns to identify the most power-hungry blocks (e.g., caches, FPU, TCU).	power	V083	1	取得所需原文和来源即可停止	SOURCE_VERIFIED	Codex/source-check
Q243	no-answer	知识库是否定义了 `KM_ABSENT_GPU_PROTOCOL_13_20260819`？	"[""知识库是否定义了 `KM_ABSENT_GPU_PROTOCOL_13_20260819`？""]"	固定语料中没有该内容，应明确说明依据不足。		NONE	KM_ABSENT_GPU_PROTOCOL_13_20260819		1	所有检索轮次均无证据后停止	SOURCE_VERIFIED	Codex/source-check
Q244	multi-document	请分别查明 `VX_cache_wrap` 和 `VX_alu_int` 的资料位置与原文依据。	"[""请查找与“VX_cache_wrap”直接相关的资料和原文依据。"",""请查找与“VX_alu_int”直接相关的资料和原文依据。""]"	两项依据分别位于hw/rtl/cache/VX_cache_wrap.sv和hw/rtl/core/VX_alu_int.sv。	hw/rtl/cache/VX_cache_wrap.sv | hw/rtl/core/VX_alu_int.sv	module VX_cache_wrap import VX_gpu_pkg::*; #( || module VX_alu_int import VX_gpu_pkg::*; #(	VX_cache_wrap | VX_alu_int	V106,V107	3	两份来源的必要原文均已取得即可停止	SOURCE_VERIFIED	Codex/source-check
Q245	similar-distractor	同名文件很多，请定位 `kmac` 目录下 `README.md` 中关于 `Specification` 的原文。	"[""同名文件很多，请定位 `kmac` 目录下 `README.md` 中关于 `Specification` 的原文。""]"	目标是hw/ip/kmac/README.md，不是其他同名文件。	hw/ip/kmac/README.md	# KMAC HWIP Technical Specification	kmac;Specification	O137	1	取得所需原文和来源即可停止	SOURCE_VERIFIED	Codex/source-check
Q246	multiple-expansions	请确认 `Synthesis` 和 `power` 是否在同一份资料的不同位置出现，并给出两处依据。	"[""请查找与“Synthesis”直接相关的资料和原文依据。"",""请查找与“power”直接相关的资料和原文依据。""]"	两处依据均位于docs/synthesis_analysis.md。	docs/synthesis_analysis.md	# Synthesis and Power Analysis || - For hierarchical analysis, look at per-module power breakdowns to identify the most power-hungry blocks (e.g., caches, FPU, TCU).	Synthesis | power	V083	2	两处远距离原文均已取得即可停止	SOURCE_VERIFIED	Codex/source-check
Q247	file-path-symbol	哪个文件定义了 `VX_ibuffer`？	"[""哪个文件定义了 `VX_ibuffer`？""]"	`VX_ibuffer`定义在hw/rtl/core/VX_ibuffer.sv。	hw/rtl/core/VX_ibuffer.sv	module VX_ibuffer import VX_gpu_pkg::*; #(	VX_ibuffer	V115	1	取得所需原文和来源即可停止	SOURCE_VERIFIED	Codex/source-check
Q248	chinese-natural-language	我想了解 Address，知识库里哪份资料说明了这个主题？	"[""我想了解 Address，知识库里哪份资料说明了这个主题？""]"	相关说明位于docs/vm.md。	docs/vm.md	## Address layout (XLEN=32, SV32)	Address	V085	1	取得所需原文和来源即可停止	SOURCE_VERIFIED	Codex/source-check
Q249	late-file	请查找 `Pipeline` 在资料后部的具体说明。	"[""请查找 `Pipeline` 在资料后部的具体说明。""]"	相关说明位于docs/testing.md后部。	docs/testing.md	## Adding Your Tests to the CI Pipeline	Pipeline	V084	1	取得所需原文和来源即可停止	SOURCE_VERIFIED	Codex/source-check
Q250	multi-document	请分别查明 `VX_alu_muldiv` 和 `VX_csr_unit` 的资料位置与原文依据。	"[""请查找与“VX_alu_muldiv”直接相关的资料和原文依据。"",""请查找与“VX_csr_unit”直接相关的资料和原文依据。""]"	两项依据分别位于hw/rtl/core/VX_alu_muldiv.sv和hw/rtl/core/VX_csr_unit.sv。	hw/rtl/core/VX_alu_muldiv.sv | hw/rtl/core/VX_csr_unit.sv	module VX_alu_muldiv import VX_gpu_pkg::*; #( || module VX_csr_unit import VX_gpu_pkg::*; #(	VX_alu_muldiv | VX_csr_unit	V108,V109	3	两份来源的必要原文均已取得即可停止	SOURCE_VERIFIED	Codex/source-check
Q251	similar-distractor	同名文件很多，请定位 `lc_ctrl` 目录下 `README.md` 中关于 `Specification` 的原文。	"[""同名文件很多，请定位 `lc_ctrl` 目录下 `README.md` 中关于 `Specification` 的原文。""]"	目标是hw/ip/lc_ctrl/README.md，不是其他同名文件。	hw/ip/lc_ctrl/README.md	# Life Cycle Controller Technical Specification	lc_ctrl;Specification	O143	1	取得所需原文和来源即可停止	SOURCE_VERIFIED	Codex/source-check
Q252	multiple-expansions	请确认 `application` 和 `Pipeline` 是否在同一份资料的不同位置出现，并给出两处依据。	"[""请查找与“application”直接相关的资料和原文依据。"",""请查找与“Pipeline”直接相关的资料和原文依据。""]"	两处依据均位于docs/testing.md。	docs/testing.md	## Running a Vortex application || ## Adding Your Tests to the CI Pipeline	application | Pipeline	V084	2	两处远距离原文均已取得即可停止	SOURCE_VERIFIED	Codex/source-check
Q253	file-path-symbol	哪个文件定义了 `VX_ipdom_stack`？	"[""哪个文件定义了 `VX_ipdom_stack`？""]"	`VX_ipdom_stack`定义在hw/rtl/core/VX_ipdom_stack.sv。	hw/rtl/core/VX_ipdom_stack.sv	module VX_ipdom_stack import VX_gpu_pkg::*; #(	VX_ipdom_stack	V116	1	取得所需原文和来源即可停止	SOURCE_VERIFIED	Codex/source-check
Q254	no-answer	知识库是否定义了 `KM_ABSENT_GPU_PROTOCOL_14_20260819`？	"[""知识库是否定义了 `KM_ABSENT_GPU_PROTOCOL_14_20260819`？""]"	固定语料中没有该内容，应明确说明依据不足。		NONE	KM_ABSENT_GPU_PROTOCOL_14_20260819		1	所有检索轮次均无证据后停止	SOURCE_VERIFIED	Codex/source-check
Q255	chinese-natural-language	我想了解 High-Level，知识库里哪份资料说明了这个主题？	"[""我想了解 High-Level，知识库里哪份资料说明了这个主题？""]"	相关说明位于tests/mpi/mpi_vecadd/README.md。	tests/mpi/mpi_vecadd/README.md	### High-Level Summary of main.cpp	High-Level	V569	1	取得所需原文和来源即可停止	SOURCE_VERIFIED	Codex/source-check
Q256	late-file	请查找 `constructed` 在资料后部的具体说明。	"[""请查找 `constructed` 在资料后部的具体说明。""]"	相关说明位于docs/vm.md后部。	docs/vm.md	becomes a no-op, and the runtime `VMManager` is never constructed.	constructed	V085	1	取得所需原文和来源即可停止	SOURCE_VERIFIED	Codex/source-check
Q257	multi-document	请分别查明 `VX_dcr_arb` 和 `VX_dcr_data` 的资料位置与原文依据。	"[""请查找与“VX_dcr_arb”直接相关的资料和原文依据。"",""请查找与“VX_dcr_data”直接相关的资料和原文依据。""]"	两项依据分别位于hw/rtl/core/VX_dcr_arb.sv和hw/rtl/core/VX_dcr_data.sv。	hw/rtl/core/VX_dcr_arb.sv | hw/rtl/core/VX_dcr_data.sv	module VX_dcr_arb import VX_gpu_pkg::*; #( || module VX_dcr_data import VX_gpu_pkg::*; #(	VX_dcr_arb | VX_dcr_data	V110,V111	3	两份来源的必要原文均已取得即可停止	SOURCE_VERIFIED	Codex/source-check
Q258	similar-distractor	同名文件很多，请定位 `mbx` 目录下 `README.md` 中关于 `Specification` 的原文。	"[""同名文件很多，请定位 `mbx` 目录下 `README.md` 中关于 `Specification` 的原文。""]"	目标是hw/ip/mbx/README.md，不是其他同名文件。	hw/ip/mbx/README.md	# Mailbox Technical Specification	mbx;Specification	O148	1	取得所需原文和来源即可停止	SOURCE_VERIFIED	Codex/source-check
Q259	multiple-expansions	请确认 `virtual-to-physical` 和 `constructed` 是否在同一份资料的不同位置出现，并给出两处依据。	"[""请查找与“virtual-to-physical”直接相关的资料和原文依据。"",""请查找与“constructed”直接相关的资料和原文依据。""]"	两处依据均位于docs/vm.md。	docs/vm.md	Vortex supports per-core virtual-to-physical address translation using the || becomes a no-op, and the runtime `VMManager` is never constructed.	virtual-to-physical | constructed	V085	2	两处远距离原文均已取得即可停止	SOURCE_VERIFIED	Codex/source-check
Q260	file-path-symbol	哪个文件定义了 `VX_issue`？	"[""哪个文件定义了 `VX_issue`？""]"	`VX_issue`定义在hw/rtl/core/VX_issue.sv。	hw/rtl/core/VX_issue.sv	module VX_issue import VX_gpu_pkg::*; #(	VX_issue	V117	1	取得所需原文和来源即可停止	SOURCE_VERIFIED	Codex/source-check
Q261	chinese-natural-language	我想了解 Contributing，知识库里哪份资料说明了这个主题？	"[""我想了解 Contributing，知识库里哪份资料说明了这个主题？""]"	相关说明位于doc/contributing/README.md。	doc/contributing/README.md	# Contributing to OpenTitan	Contributing	O032	1	取得所需原文和来源即可停止	SOURCE_VERIFIED	Codex/source-check
Q262	late-file	请查找 `check_boxing` 在资料后部的具体说明。	"[""请查找 `check_boxing` 在资料后部的具体说明。""]"	相关说明位于hw/dpi/dpi_float.cpp后部。	hw/dpi/dpi_float.cpp	*result = nan_box(rv_fmax_s(check_boxing(a), check_boxing(b), fflags));	check_boxing	V086	1	取得所需原文和来源即可停止	SOURCE_VERIFIED	Codex/source-check
Q263	multi-document	请分别查明 `dcr_flush_if` 和 `VX_decompressor` 的资料位置与原文依据。	"[""请查找与“dcr_flush_if”直接相关的资料和原文依据。"",""请查找与“VX_decompressor”直接相关的资料和原文依据。""]"	两项依据分别位于hw/rtl/core/VX_dcr_flush.sv和hw/rtl/core/VX_decompressor.sv。	hw/rtl/core/VX_dcr_flush.sv | hw/rtl/core/VX_decompressor.sv	// Arbitrates a flush request (from dcr_flush_if) with a real cache request || // VX_decompressor sits between the icache response and decode when	dcr_flush_if | VX_decompressor	V112,V113	3	两份来源的必要原文均已取得即可停止	SOURCE_VERIFIED	Codex/source-check
Q264	similar-distractor	同名文件很多，请定位 `otbn` 目录下 `README.md` 中关于 `Specification` 的原文。	"[""同名文件很多，请定位 `otbn` 目录下 `README.md` 中关于 `Specification` 的原文。""]"	目标是hw/ip/otbn/README.md，不是其他同名文件。	hw/ip/otbn/README.md	# OpenTitan Big Number Accelerator (OTBN) Technical Specification	otbn;Specification	O151	1	取得所需原文和来源即可停止	SOURCE_VERIFIED	Codex/source-check
Q265	no-answer	知识库是否定义了 `KM_ABSENT_GPU_PROTOCOL_15_20260819`？	"[""知识库是否定义了 `KM_ABSENT_GPU_PROTOCOL_15_20260819`？""]"	固定语料中没有该内容，应明确说明依据不足。		NONE	KM_ABSENT_GPU_PROTOCOL_15_20260819		1	所有检索轮次均无证据后停止	SOURCE_VERIFIED	Codex/source-check
Q266	multiple-expansions	请确认 `svBitVecVal` 和 `check_boxing` 是否在同一份资料的不同位置出现，并给出两处依据。	"[""请查找与“svBitVecVal”直接相关的资料和原文依据。"",""请查找与“check_boxing”直接相关的资料和原文依据。""]"	两处依据均位于hw/dpi/dpi_float.cpp。	hw/dpi/dpi_float.cpp	void dpi_fadd(bool enable, int dst_fmt, int64_t a, int64_t b, const svBitVecVal* frm, int64_t* result, svBitVecVal* fflags); || *result = nan_box(rv_fmax_s(check_boxing(a), check_boxing(b), fflags));	svBitVecVal | check_boxing	V086	2	两处远距离原文均已取得即可停止	SOURCE_VERIFIED	Codex/source-check
Q267	file-path-symbol	哪个文件定义了 `VX_issue_slice`？	"[""哪个文件定义了 `VX_issue_slice`？""]"	`VX_issue_slice`定义在hw/rtl/core/VX_issue_slice.sv。	hw/rtl/core/VX_issue_slice.sv	module VX_issue_slice import VX_gpu_pkg::*; #(	VX_issue_slice	V118	1	取得所需原文和来源即可停止	SOURCE_VERIFIED	Codex/source-check
Q268	chinese-natural-language	我想了解 OpenTitan，知识库里哪份资料说明了这个主题？	"[""我想了解 OpenTitan，知识库里哪份资料说明了这个主题？""]"	相关说明位于doc/contributing/bazel_notes.md。	doc/contributing/bazel_notes.md	# OpenTitan Bazel Workspace	OpenTitan	O033	1	取得所需原文和来源即可停止	SOURCE_VERIFIED	Codex/source-check
Q269	multi-document	请分别查明 `VX_dispatcher` 和 `VX_ibuffer` 的资料位置与原文依据。	"[""请查找与“VX_dispatcher”直接相关的资料和原文依据。"",""请查找与“VX_ibuffer”直接相关的资料和原文依据。""]"	两项依据分别位于hw/rtl/core/VX_dispatcher.sv和hw/rtl/core/VX_ibuffer.sv。	hw/rtl/core/VX_dispatcher.sv | hw/rtl/core/VX_ibuffer.sv	module VX_dispatcher import VX_gpu_pkg::*; #( || module VX_ibuffer import VX_gpu_pkg::*; #(	VX_dispatcher | VX_ibuffer	V114,V115	3	两份来源的必要原文均已取得即可停止	SOURCE_VERIFIED	Codex/source-check
Q270	file-path-symbol	哪个文件定义了 `VX_kmu_arb`？	"[""哪个文件定义了 `VX_kmu_arb`？""]"	`VX_kmu_arb`定义在hw/rtl/core/VX_kmu_arb.sv。	hw/rtl/core/VX_kmu_arb.sv	module VX_kmu_arb import VX_gpu_pkg::*; #(	VX_kmu_arb	V119	1	取得所需原文和来源即可停止	SOURCE_VERIFIED	Codex/source-check
Q271	chinese-natural-language	我想了解 underneath，知识库里哪份资料说明了这个主题？	"[""我想了解 underneath，知识库里哪份资料说明了这个主题？""]"	相关说明位于doc/contributing/directory_structure.md。	doc/contributing/directory_structure.md	## Directory structure underneath `hw`	underneath	O034	1	取得所需原文和来源即可停止	SOURCE_VERIFIED	Codex/source-check
Q272	multi-document	请分别查明 `VX_ipdom_stack` 和 `VX_issue` 的资料位置与原文依据。	"[""请查找与“VX_ipdom_stack”直接相关的资料和原文依据。"",""请查找与“VX_issue”直接相关的资料和原文依据。""]"	两项依据分别位于hw/rtl/core/VX_ipdom_stack.sv和hw/rtl/core/VX_issue.sv。	hw/rtl/core/VX_ipdom_stack.sv | hw/rtl/core/VX_issue.sv	module VX_ipdom_stack import VX_gpu_pkg::*; #( || module VX_issue import VX_gpu_pkg::*; #(	VX_ipdom_stack | VX_issue	V116,V117	3	两份来源的必要原文均已取得即可停止	SOURCE_VERIFIED	Codex/source-check
Q273	file-path-symbol	哪个文件定义了 `VX_lane_dispatch`？	"[""哪个文件定义了 `VX_lane_dispatch`？""]"	`VX_lane_dispatch`定义在hw/rtl/core/VX_lane_dispatch.sv。	hw/rtl/core/VX_lane_dispatch.sv	module VX_lane_dispatch import VX_gpu_pkg::*; #(	VX_lane_dispatch	V120	1	取得所需原文和来源即可停止	SOURCE_VERIFIED	Codex/source-check
Q274	chinese-natural-language	我想了解 repository，知识库里哪份资料说明了这个主题？	"[""我想了解 repository，知识库里哪份资料说明了这个主题？""]"	相关说明位于doc/contributing/github_notes.md。	doc/contributing/github_notes.md	## Getting a working repository	repository	O035	1	取得所需原文和来源即可停止	SOURCE_VERIFIED	Codex/source-check
Q275	multi-document	请分别查明 `VX_issue_slice` 和 `VX_kmu_arb` 的资料位置与原文依据。	"[""请查找与“VX_issue_slice”直接相关的资料和原文依据。"",""请查找与“VX_kmu_arb”直接相关的资料和原文依据。""]"	两项依据分别位于hw/rtl/core/VX_issue_slice.sv和hw/rtl/core/VX_kmu_arb.sv。	hw/rtl/core/VX_issue_slice.sv | hw/rtl/core/VX_kmu_arb.sv	module VX_issue_slice import VX_gpu_pkg::*; #( || module VX_kmu_arb import VX_gpu_pkg::*; #(	VX_issue_slice | VX_kmu_arb	V118,V119	3	两份来源的必要原文均已取得即可停止	SOURCE_VERIFIED	Codex/source-check
Q276	no-answer	知识库是否定义了 `KM_ABSENT_GPU_PROTOCOL_16_20260819`？	"[""知识库是否定义了 `KM_ABSENT_GPU_PROTOCOL_16_20260819`？""]"	固定语料中没有该内容，应明确说明依据不足。		NONE	KM_ABSENT_GPU_PROTOCOL_16_20260819		1	所有检索轮次均无证据后停止	SOURCE_VERIFIED	Codex/source-check
Q277	file-path-symbol	哪个文件定义了 `VX_lane_gather`？	"[""哪个文件定义了 `VX_lane_gather`？""]"	`VX_lane_gather`定义在hw/rtl/core/VX_lane_gather.sv。	hw/rtl/core/VX_lane_gather.sv	module VX_lane_gather import VX_gpu_pkg::*; #(	VX_lane_gather	V121	1	取得所需原文和来源即可停止	SOURCE_VERIFIED	Codex/source-check
Q278	chinese-natural-language	我想了解 Top-Level，知识库里哪份资料说明了这个主题？	"[""我想了解 Top-Level，知识库里哪份资料说明了这个主题？""]"	相关说明位于doc/contributing/system_list.md。	doc/contributing/system_list.md	# List of Top-Level Designs	Top-Level	O036	1	取得所需原文和来源即可停止	SOURCE_VERIFIED	Codex/source-check
Q279	multi-document	请分别查明 `VX_lane_dispatch` 和 `VX_lane_gather` 的资料位置与原文依据。	"[""请查找与“VX_lane_dispatch”直接相关的资料和原文依据。"",""请查找与“VX_lane_gather”直接相关的资料和原文依据。""]"	两项依据分别位于hw/rtl/core/VX_lane_dispatch.sv和hw/rtl/core/VX_lane_gather.sv。	hw/rtl/core/VX_lane_dispatch.sv | hw/rtl/core/VX_lane_gather.sv	module VX_lane_dispatch import VX_gpu_pkg::*; #( || module VX_lane_gather import VX_gpu_pkg::*; #(	VX_lane_dispatch | VX_lane_gather	V120,V121	3	两份来源的必要原文均已取得即可停止	SOURCE_VERIFIED	Codex/source-check
Q280	file-path-symbol	哪个文件定义了 `VX_lsu_agu`？	"[""哪个文件定义了 `VX_lsu_agu`？""]"	`VX_lsu_agu`定义在hw/rtl/core/VX_lsu_agu.sv。	hw/rtl/core/VX_lsu_agu.sv	module VX_lsu_agu import VX_gpu_pkg::*; (	VX_lsu_agu	V122	1	取得所需原文和来源即可停止	SOURCE_VERIFIED	Codex/source-check
Q281	chinese-natural-language	我想了解 repository，知识库里哪份资料说明了这个主题？	"[""我想了解 repository，知识库里哪份资料说明了这个主题？""]"	相关说明位于doc/getting_started/README.md。	doc/getting_started/README.md	## Step 0: Clone the OpenTitan repository	repository	O037	1	取得所需原文和来源即可停止	SOURCE_VERIFIED	Codex/source-check
Q282	multi-document	请分别查明 `VX_lsu_agu:` 和 `scheduler` 的资料位置与原文依据。	"[""请查找与“VX_lsu_agu:”直接相关的资料和原文依据。"",""请查找与“scheduler”直接相关的资料和原文依据。""]"	两项依据分别位于hw/rtl/core/VX_lsu_agu.sv和hw/rtl/core/VX_lsu_scheduler.sv。	hw/rtl/core/VX_lsu_agu.sv | hw/rtl/core/VX_lsu_scheduler.sv	// VX_lsu_agu: per-lane LSU address generator. Owns all LSU address forms || // LSU-side scheduler shared across FU clients.	VX_lsu_agu: | scheduler	V122,V123	3	两份来源的必要原文均已取得即可停止	SOURCE_VERIFIED	Codex/source-check
Q283	file-path-symbol	哪个文件定义了 `VX_lsu_scheduler`？	"[""哪个文件定义了 `VX_lsu_scheduler`？""]"	`VX_lsu_scheduler`定义在hw/rtl/core/VX_lsu_scheduler.sv。	hw/rtl/core/VX_lsu_scheduler.sv	module VX_lsu_scheduler import VX_gpu_pkg::*; #(	VX_lsu_scheduler	V123	1	取得所需原文和来源即可停止	SOURCE_VERIFIED	Codex/source-check
Q284	chinese-natural-language	我想了解 documentation，知识库里哪份资料说明了这个主题？	"[""我想了解 documentation，知识库里哪份资料说明了这个主题？""]"	相关说明位于doc/getting_started/build_docs.md。	doc/getting_started/build_docs.md	# Building documentation	documentation	O038	1	取得所需原文和来源即可停止	SOURCE_VERIFIED	Codex/source-check
Q285	multi-document	请分别查明 `VX_lsu_slice` 和 `VX_mem_unit` 的资料位置与原文依据。	"[""请查找与“VX_lsu_slice”直接相关的资料和原文依据。"",""请查找与“VX_mem_unit”直接相关的资料和原文依据。""]"	两项依据分别位于hw/rtl/core/VX_lsu_slice.sv和hw/rtl/core/VX_mem_unit.sv。	hw/rtl/core/VX_lsu_slice.sv | hw/rtl/core/VX_mem_unit.sv	module VX_lsu_slice import VX_gpu_pkg::*; #( || module VX_mem_unit import VX_gpu_pkg::*; #(	VX_lsu_slice | VX_mem_unit	V124,V125	3	两份来源的必要原文均已取得即可停止	SOURCE_VERIFIED	Codex/source-check
Q286	file-path-symbol	哪个文件定义了 `VX_lsu_slice`？	"[""哪个文件定义了 `VX_lsu_slice`？""]"	`VX_lsu_slice`定义在hw/rtl/core/VX_lsu_slice.sv。	hw/rtl/core/VX_lsu_slice.sv	module VX_lsu_slice import VX_gpu_pkg::*; #(	VX_lsu_slice	V124	1	取得所需原文和来源即可停止	SOURCE_VERIFIED	Codex/source-check
Q287	no-answer	知识库是否定义了 `KM_ABSENT_GPU_PROTOCOL_17_20260819`？	"[""知识库是否定义了 `KM_ABSENT_GPU_PROTOCOL_17_20260819`？""]"	固定语料中没有该内容，应明确说明依据不足。		NONE	KM_ABSENT_GPU_PROTOCOL_17_20260819		1	所有检索轮次均无证据后停止	SOURCE_VERIFIED	Codex/source-check
Q288	chinese-natural-language	我想了解 Building，知识库里哪份资料说明了这个主题？	"[""我想了解 Building，知识库里哪份资料说明了这个主题？""]"	相关说明位于doc/getting_started/build_sw.md。	doc/getting_started/build_sw.md	# Building (and Testing) Software	Building	O039	1	取得所需原文和来源即可停止	SOURCE_VERIFIED	Codex/source-check
Q289	multi-document	请分别查明 `reset` 和 `VX_operands` 的资料位置与原文依据。	"[""请查找与“reset”直接相关的资料和原文依据。"",""请查找与“VX_operands”直接相关的资料和原文依据。""]"	两项依据分别位于hw/rtl/core/VX_opc_unit.sv和hw/rtl/core/VX_operands.sv。	hw/rtl/core/VX_opc_unit.sv | hw/rtl/core/VX_operands.sv	// reset all GPRs in debug mode || module VX_operands import VX_gpu_pkg::*; #(	reset | VX_operands	V126,V127	3	两份来源的必要原文均已取得即可停止	SOURCE_VERIFIED	Codex/source-check
Q290	file-path-symbol	哪个文件定义了 `VX_mem_unit`？	"[""哪个文件定义了 `VX_mem_unit`？""]"	`VX_mem_unit`定义在hw/rtl/core/VX_mem_unit.sv。	hw/rtl/core/VX_mem_unit.sv	module VX_mem_unit import VX_gpu_pkg::*; #(	VX_mem_unit	V125	1	取得所需原文和来源即可停止	SOURCE_VERIFIED	Codex/source-check
Q291	chinese-natural-language	我想了解 Verification，知识库里哪份资料说明了这个主题？	"[""我想了解 Verification，知识库里哪份资料说明了这个主题？""]"	相关说明位于doc/getting_started/setup_dv.md。	doc/getting_started/setup_dv.md	# Design Verification Setup	Verification	O040	1	取得所需原文和来源即可停止	SOURCE_VERIFIED	Codex/source-check
Q292	multi-document	请分别查明 `VX_pe_switch` 和 `VX_scoreboard` 的资料位置与原文依据。	"[""请查找与“VX_pe_switch”直接相关的资料和原文依据。"",""请查找与“VX_scoreboard”直接相关的资料和原文依据。""]"	两项依据分别位于hw/rtl/core/VX_pe_switch.sv和hw/rtl/core/VX_scoreboard.sv。	hw/rtl/core/VX_pe_switch.sv | hw/rtl/core/VX_scoreboard.sv	module VX_pe_switch import VX_gpu_pkg::*; #( || module VX_scoreboard import VX_gpu_pkg::*; #(	VX_pe_switch | VX_scoreboard	V128,V129	3	两份来源的必要原文均已取得即可停止	SOURCE_VERIFIED	Codex/source-check
Q293	file-path-symbol	哪个文件定义了 `VX_opc_unit`？	"[""哪个文件定义了 `VX_opc_unit`？""]"	`VX_opc_unit`定义在hw/rtl/core/VX_opc_unit.sv。	hw/rtl/core/VX_opc_unit.sv	module VX_opc_unit import VX_gpu_pkg::*; #(	VX_opc_unit	V126	1	取得所需原文和来源即可停止	SOURCE_VERIFIED	Codex/source-check
Q294	chinese-natural-language	我想了解 Verification，知识库里哪份资料说明了这个主题？	"[""我想了解 Verification，知识库里哪份资料说明了这个主题？""]"	相关说明位于doc/getting_started/setup_formal.md。	doc/getting_started/setup_formal.md	# Formal Verification Setup	Verification	O041	1	取得所需原文和来源即可停止	SOURCE_VERIFIED	Codex/source-check
Q295	multi-document	请分别查明 `VX_sfu_unit` 和 `VX_split_join` 的资料位置与原文依据。	"[""请查找与“VX_sfu_unit”直接相关的资料和原文依据。"",""请查找与“VX_split_join”直接相关的资料和原文依据。""]"	两项依据分别位于hw/rtl/core/VX_sfu_unit.sv和hw/rtl/core/VX_split_join.sv。	hw/rtl/core/VX_sfu_unit.sv | hw/rtl/core/VX_split_join.sv	module VX_sfu_unit import VX_gpu_pkg::*; || module VX_split_join import VX_gpu_pkg::*; #(	VX_sfu_unit | VX_split_join	V130,V131	3	两份来源的必要原文均已取得即可停止	SOURCE_VERIFIED	Codex/source-check
Q296	file-path-symbol	哪个文件定义了 `VX_operands`？	"[""哪个文件定义了 `VX_operands`？""]"	`VX_operands`定义在hw/rtl/core/VX_operands.sv。	hw/rtl/core/VX_operands.sv	module VX_operands import VX_gpu_pkg::*; #(	VX_operands	V127	1	取得所需原文和来源即可停止	SOURCE_VERIFIED	Codex/source-check
Q297	chinese-natural-language	我想了解 bitstream，知识库里哪份资料说明了这个主题？	"[""我想了解 bitstream，知识库里哪份资料说明了这个主题？""]"	相关说明位于doc/getting_started/setup_fpga.md。	doc/getting_started/setup_fpga.md	## Obtain an FPGA bitstream	bitstream	O042	1	取得所需原文和来源即可停止	SOURCE_VERIFIED	Codex/source-check
Q298	no-answer	知识库是否定义了 `KM_ABSENT_GPU_PROTOCOL_18_20260819`？	"[""知识库是否定义了 `KM_ABSENT_GPU_PROTOCOL_18_20260819`？""]"	固定语料中没有该内容，应明确说明依据不足。		NONE	KM_ABSENT_GPU_PROTOCOL_18_20260819		1	所有检索轮次均无证据后停止	SOURCE_VERIFIED	Codex/source-check
Q299	multi-document	请分别查明 `VX_txbar_arb` 和 `VX_uop_packld:` 的资料位置与原文依据。	"[""请查找与“VX_txbar_arb”直接相关的资料和原文依据。"",""请查找与“VX_uop_packld:”直接相关的资料和原文依据。""]"	两项依据分别位于hw/rtl/core/VX_txbar_arb.sv和hw/rtl/core/VX_uop_packld.sv。	hw/rtl/core/VX_txbar_arb.sv | hw/rtl/core/VX_uop_packld.sv	module VX_txbar_arb import VX_gpu_pkg::*; #( || // VX_uop_packld: Micro-op sequencer for pack-load instructions.	VX_txbar_arb | VX_uop_packld:	V132,V133	3	两份来源的必要原文均已取得即可停止	SOURCE_VERIFIED	Codex/source-check
Q300	no-answer	知识库是否定义了 `KM_ABSENT_GPU_PROTOCOL_19_20260819`？	"[""知识库是否定义了 `KM_ABSENT_GPU_PROTOCOL_19_20260819`？""]"	固定语料中没有该内容，应明确说明依据不足。		NONE	KM_ABSENT_GPU_PROTOCOL_19_20260819		1	所有检索轮次均无证据后停止	SOURCE_VERIFIED	Codex/source-check
